"source","target","width_layout"
0,327,1.59527146816254
0,739,1.50204980373383
0,237,1.50204980373383
0,323,1.52370345592499
0,480,1.59527146816254
0,454,1.55308878421783
0,180,1.36004531383514
0,453,1.95649695396423
0,322,1.95649695396423
1,769,1.30524349212646
6,290,1.55308878421783
7,9,1.2809647321701
7,8,1.69140219688416
8,750,1.69140219688416
8,860,1.55308878421783
11,12,1.41780996322632
12,359,1.54220259189606
13,290,1.89835274219513
13,376,1.61775851249695
13,508,1.54220259189606
13,505,1.67844176292419
13,291,1.57212233543396
13,509,1.52370345592499
13,379,1.54220259189606
13,378,1.64493179321289
13,392,1.67844176292419
13,377,1.82652735710144
14,393,1.72517371177673
14,483,1.55818712711334
14,183,1.51430177688599
14,762,1.80172193050385
14,765,1.51430177688599
14,763,1.72517371177673
14,758,1.72517371177673
14,761,1.72517371177673
14,654,1.47851359844208
14,772,1.65175020694733
14,764,1.58145153522491
14,802,1.67533826828003
14,809,1.61552119255066
14,656,1.51430177688599
14,78,1.88136494159698
15,458,1.48545706272125
15,539,1.48545706272125
15,546,1.61370253562927
16,377,1.62404489517212
16,174,1.48545706272125
16,807,1.48545706272125
16,369,1.59527146816254
18,284,1.52370345592499
19,520,1.54220259189606
19,301,1.54220259189606
19,507,1.54220259189606
19,147,1.54220259189606
19,506,1.54220259189606
19,391,1.72892272472382
21,393,2.27524662017822
21,762,1.67844176292419
21,765,1.90502786636353
21,802,1.67533826828003
21,758,1.67844176292419
21,761,1.75098967552185
21,803,1.75098967552185
21,763,1.67844176292419
21,184,2.39729642868042
21,151,1.8869321346283
21,192,1.75572264194489
21,614,1.60882842540741
21,809,1.51687717437744
21,191,2.18618273735046
21,22,3.32760858535767
21,788,2.27524662017822
21,482,2.27524662017822
22,150,1.47851359844208
22,788,3.32760858535767
22,393,1.90502786636353
22,763,1.67844176292419
22,614,1.67844176292419
22,764,1.54220259189606
22,482,2.27524662017822
22,14,1.47851359844208
22,802,1.92597472667694
22,762,1.90502786636353
22,78,1.60882842540741
22,809,1.66732239723206
22,759,1.47851359844208
22,143,1.47851359844208
22,765,2.61444497108459
22,761,2.27524662017822
22,803,1.67844176292419
22,613,1.60882842540741
22,758,1.82652735710144
23,393,2.5401132106781
23,763,2.19447374343872
23,803,1.80172193050385
23,760,1.58145153522491
23,809,1.51687717437744
23,802,1.79661381244659
23,765,2.19447374343872
23,762,1.88136494159698
23,761,2.19447374343872
23,613,1.51430177688599
23,758,1.9641615152359
23,185,2.89801168441772
23,143,1.58145153522491
23,357,2.5401132106781
23,24,2.18618273735046
23,21,1.98645949363708
23,184,1.95649695396423
23,78,1.58145153522491
23,764,1.51430177688599
23,150,1.51430177688599
23,788,2.19447374343872
23,14,1.51430177688599
23,482,1.90502786636353
23,192,1.87965261936188
23,151,1.8869321346283
23,22,2.61444497108459
23,191,1.97034931182861
24,763,1.89529526233673
24,803,1.75281941890717
24,765,2.18618273735046
24,393,1.82278525829315
24,78,1.68539786338806
24,809,1.89094352722168
24,614,1.75281941890717
24,764,1.55818712711334
24,760,1.49839806556702
24,761,2.18618273735046
24,613,1.55818712711334
24,758,1.75281941890717
24,730,1.66855728626251
24,144,1.49839806556702
24,483,1.49839806556702
24,759,1.49839806556702
24,191,3.84095644950867
24,184,3.63255548477173
24,802,2.81137275695801
24,22,3.149409532547
24,150,1.68539786338806
24,788,2.81845498085022
24,192,2.58511829376221
24,151,2.69314479827881
24,21,2.18618273735046
24,14,1.68539786338806
24,482,2.18618273735046
24,762,2.49737930297852
25,550,1.50204980373383
26,660,1.54220259189606
26,593,1.59527146816254
26,13,1.98645949363708
26,504,1.67844176292419
26,769,1.67844176292419
26,742,1.87326610088348
26,290,1.66076064109802
26,378,1.52370345592499
26,520,1.67844176292419
26,301,1.67844176292419
26,69,1.54220259189606
26,237,1.54220259189606
26,147,1.54220259189606
26,775,1.53718495368958
26,153,1.67844176292419
26,174,1.54220259189606
26,377,1.67844176292419
26,505,1.54220259189606
26,376,1.50860917568207
26,379,1.54220259189606
26,509,1.52370345592499
27,161,1.72076821327209
27,26,1.54220259189606
27,502,1.56538987159729
28,137,1.36004531383514
29,172,1.53432559967041
29,545,1.53432559967041
30,550,1.48545706272125
30,25,1.48545706272125
30,13,1.54220259189606
30,807,1.48545706272125
30,419,1.59527146816254
30,61,1.50860917568207
30,16,1.48545706272125
31,295,1.2478358745575
32,456,1.52370345592499
32,327,1.69140219688416
33,858,1.2478358745575
35,511,1.52370345592499
35,554,1.73496532440186
35,634,1.52370345592499
35,553,1.41217339038849
36,273,1.72517371177673
36,34,1.51430177688599
36,43,1.62052035331726
36,276,1.58145153522491
36,274,1.51430177688599
36,624,1.22531569004059
37,773,1.55308878421783
38,40,1.50204980373383
38,57,1.50204980373383
39,49,1.49604880809784
39,278,1.50204980373383
39,35,1.49604880809784
39,34,1.50204980373383
39,50,1.81424570083618
40,277,1.48545706272125
40,63,1.69140219688416
40,62,1.57931685447693
40,330,1.50204980373383
40,64,1.53432559967041
40,59,1.57931685447693
40,58,1.4932256937027
40,61,1.50204980373383
40,60,1.48545706272125
40,57,1.83617794513702
40,56,1.66076064109802
40,275,1.83617794513702
40,278,1.74638092517853
40,280,1.57931685447693
40,655,1.83617794513702
40,279,1.4932256937027
40,281,1.57931685447693
40,282,1.4932256937027
41,44,1.36004531383514
42,36,1.56538987159729
42,43,1.72076821327209
42,274,1.51687717437744
42,273,1.56538987159729
43,273,1.49839806556702
43,274,1.49839806556702
44,718,1.27465045452118
45,505,1.29114735126495
48,46,1.43369436264038
48,47,1.29114735126495
48,634,1.43369436264038
50,625,1.39754724502563
50,34,1.50204980373383
51,28,1.36004531383514
53,52,1.12615561485291
54,630,1.29114735126495
54,663,1.72076821327209
54,629,1.50204980373383
55,54,1.43369436264038
56,484,1.57931685447693
56,797,1.77585875988007
57,652,1.50204980373383
57,56,1.57931685447693
57,654,1.60882842540741
57,653,1.50204980373383
57,655,1.57931685447693
57,61,1.50204980373383
57,58,1.4932256937027
57,59,1.74638092517853
57,64,1.61090064048767
57,63,1.53432559967041
57,650,1.77585875988007
57,62,1.50204980373383
57,281,1.66076064109802
57,275,1.74638092517853
57,280,1.66076064109802
57,278,1.74638092517853
58,736,1.54220259189606
58,56,1.80400621891022
58,483,1.49839806556702
58,737,1.72076821327209
58,484,1.80400621891022
58,546,1.80400621891022
58,489,1.50590443611145
58,168,1.4932256937027
58,545,1.80400621891022
58,797,1.8503702878952
58,655,1.80400621891022
58,173,1.4932256937027
58,547,1.72517371177673
58,653,1.64122939109802
58,539,1.72076821327209
58,83,1.64493179321289
58,731,1.51578330993652
58,171,1.4932256937027
58,542,1.50590443611145
58,654,1.75098967552185
58,492,1.50590443611145
58,59,1.64122939109802
58,382,1.64122939109802
58,540,1.67033064365387
58,170,1.59527146816254
59,382,1.62873005867004
59,190,1.54641807079315
59,654,1.47851359844208
59,545,1.50204980373383
59,737,1.56538987159729
59,653,1.62873005867004
59,546,1.71551787853241
59,56,1.50204980373383
59,170,1.52370345592499
59,540,1.52370345592499
59,655,2.01004528999329
59,548,1.80675661563873
60,540,1.55308878421783
60,654,1.60882842540741
60,170,1.55308878421783
60,733,1.57447445392609
60,737,1.48545706272125
60,489,1.50590443611145
60,731,1.57212233543396
61,375,1.50860917568207
61,539,1.57637405395508
61,546,1.61370253562927
61,237,1.61775851249695
61,775,1.53718495368958
61,84,1.53718495368958
61,663,1.61775851249695
61,664,1.50860917568207
61,291,1.61775851249695
61,796,1.50860917568207
61,75,1.61775851249695
61,479,1.86028361320496
61,56,1.83617794513702
61,481,1.61775851249695
61,662,1.50860917568207
62,731,1.63067102432251
62,540,1.52370345592499
62,61,1.50204980373383
62,458,1.66076064109802
62,755,1.57931685447693
62,542,1.50590443611145
62,736,1.54220259189606
62,76,1.50204980373383
62,58,1.4932256937027
62,330,1.50204980373383
62,79,1.50204980373383
62,64,1.77585875988007
62,811,1.66076064109802
62,838,1.50204980373383
62,489,1.50590443611145
62,56,1.66076064109802
62,490,1.93015146255493
62,63,1.95649695396423
63,736,1.54220259189606
63,56,1.53432559967041
63,737,1.4932256937027
63,675,1.53432559967041
63,797,1.50590443611145
63,540,1.59527146816254
63,458,1.53432559967041
63,489,1.70415866374969
63,731,1.69140219688416
63,58,1.64122939109802
63,60,1.62404489517212
63,490,1.69140219688416
63,64,1.69140219688416
63,542,1.50590443611145
64,755,1.61090064048767
64,736,1.60882842540741
64,540,1.74888062477112
64,654,1.60882842540741
64,539,1.61090064048767
64,731,1.57212233543396
64,546,1.53432559967041
64,489,1.63524401187897
64,737,1.4932256937027
64,545,1.61090064048767
64,231,1.29900395870209
64,56,1.77585875988007
64,479,1.53432559967041
64,797,1.56916844844818
64,60,1.55308878421783
64,58,1.56538987159729
65,519,1.63524401187897
65,505,1.59527146816254
66,387,1.8503702878952
66,404,1.50204980373383
66,408,1.63524401187897
66,72,1.8503702878952
66,73,1.8503702878952
66,410,1.56538987159729
66,407,1.52370345592499
66,409,1.52370345592499
66,70,1.63524401187897
67,71,1.69140219688416
67,387,1.69140219688416
68,387,1.77585875988007
68,71,1.55308878421783
68,70,1.63524401187897
68,73,1.63524401187897
68,72,1.63524401187897
68,67,1.55308878421783
68,66,1.63524401187897
69,259,1.83617794513702
69,284,1.59527146816254
69,497,1.59527146816254
69,10,1.29114735126495
69,237,1.50204980373383
69,147,1.62404489517212
69,769,1.67844176292419
69,153,1.77585875988007
70,387,1.8503702878952
70,637,1.63524401187897
70,409,1.52370345592499
71,122,1.48545706272125
71,637,1.69140219688416
71,70,1.63524401187897
71,750,1.59527146816254
71,387,1.95649695396423
72,610,1.62404489517212
72,410,1.56538987159729
72,71,1.8503702878952
72,156,1.77585875988007
72,404,1.66076064109802
72,409,1.52370345592499
72,70,1.63524401187897
72,387,1.8503702878952
73,415,1.52370345592499
73,72,1.63524401187897
73,70,1.63524401187897
73,389,1.63524401187897
73,407,1.70918297767639
73,637,1.8503702878952
73,387,1.8503702878952
74,376,1.50860917568207
74,518,1.64493179321289
75,796,1.50860917568207
77,619,1.55308878421783
77,653,1.47636461257935
78,802,1.92597472667694
78,809,1.66732239723206
78,393,1.58145153522491
78,765,1.58145153522491
78,143,1.58145153522491
78,759,1.80172193050385
78,772,1.72517371177673
78,654,1.60882842540741
78,763,1.65175020694733
78,761,1.9641615152359
78,758,1.51430177688599
78,657,1.58145153522491
78,83,1.52370345592499
78,483,1.49839806556702
78,656,1.51430177688599
78,484,1.51430177688599
78,183,1.58145153522491
78,762,2.19447374343872
79,76,1.56029164791107
79,64,1.53432559967041
79,511,1.66076064109802
79,61,1.55308878421783
80,17,2.43754458427429
82,733,1.57447445392609
83,797,1.84495902061462
83,653,1.58310532569885
83,656,1.52370345592499
83,483,1.70918297767639
83,484,1.64493179321289
83,545,1.58310532569885
83,56,1.58310532569885
83,539,1.52370345592499
83,489,1.64493179321289
83,731,1.8195458650589
83,540,1.77585875988007
84,290,1.53718495368958
84,774,1.52370345592499
84,619,1.53718495368958
84,484,1.51211881637573
84,56,1.50204980373383
86,218,1.2478358745575
86,219,1.40038228034973
89,88,1.20821046829224
91,90,1.20454609394073
93,87,1.06303775310516
93,92,1.01789808273315
95,94,1.29900395870209
96,689,1.36004531383514
96,313,1.44545209407806
98,653,1.46165382862091
102,508,1.56538987159729
102,519,1.63524401187897
102,379,1.77585875988007
106,820,1.36004531383514
106,105,1.21820867061615
107,314,1.52370345592499
107,106,1.77585875988007
109,605,1.46165382862091
109,108,1.44545209407806
110,126,1.43369436264038
112,860,1.36004531383514
113,114,1.21820867061615
113,658,1.63524401187897
116,4,1.31456673145294
119,148,1.53718495368958
119,718,1.40366911888123
120,474,1.48545706272125
121,673,1.36004531383514
123,830,1.73965728282928
124,638,1.62404489517212
124,156,1.56538987159729
124,298,1.62404489517212
125,594,1.59527146816254
126,230,1.36004531383514
128,456,1.52370345592499
128,409,1.52370345592499
130,122,1.59527146816254
132,386,1.77585875988007
135,610,1.54220259189606
139,320,1.43369436264038
141,856,1.36004531383514
142,462,1.41217339038849
142,145,1.52370345592499
142,616,1.52370345592499
142,365,1.52370345592499
143,772,1.80400621891022
143,759,1.74638092517853
143,117,1.70918297767639
144,759,1.50204980373383
144,143,1.50204980373383
146,505,1.54220259189606
147,13,1.54220259189606
147,367,1.62404489517212
147,479,1.61775851249695
147,506,1.62404489517212
147,153,1.62404489517212
147,259,1.48545706272125
147,769,1.54220259189606
147,377,1.48545706272125
147,152,1.59527146816254
147,605,1.48545706272125
147,593,1.59527146816254
147,379,1.62404489517212
147,519,1.48545706272125
147,504,1.48545706272125
147,509,1.64493179321289
148,101,1.36004531383514
148,614,1.57931685447693
149,774,1.52370345592499
149,509,1.66076064109802
150,773,1.4932256937027
150,78,1.88136494159698
150,143,1.56538987159729
150,144,1.4932256937027
150,758,1.83092153072357
150,761,1.72517371177673
150,803,1.4932256937027
150,763,1.80400621891022
150,393,1.55308878421783
150,762,1.72517371177673
150,772,1.64122939109802
150,759,1.4932256937027
150,765,1.62404489517212
150,802,1.61775851249695
150,764,1.64122939109802
150,614,1.56538987159729
150,14,1.80172193050385
150,482,1.54220259189606
151,22,1.8869321346283
151,150,1.57212233543396
151,788,1.8195458650589
151,14,1.57212233543396
151,482,1.75436913967133
151,761,1.8195458650589
151,758,1.69140219688416
151,614,1.69140219688416
151,78,1.51578330993652
151,809,1.83256447315216
151,802,1.99368727207184
151,765,1.8869321346283
151,762,1.75436913967133
151,393,1.8869321346283
151,763,1.8869321346283
151,191,3.63255548477173
151,192,3.75796461105347
151,483,1.57212233543396
151,730,1.63067102432251
152,509,1.52370345592499
152,149,1.66076064109802
152,383,1.49604880809784
152,259,1.59527146816254
153,259,1.48545706272125
153,504,1.62404489517212
155,377,1.48545706272125
155,379,1.50204980373383
155,473,1.66076064109802
156,410,1.56538987159729
156,71,1.59527146816254
156,610,1.62404489517212
156,70,1.59527146816254
157,505,1.59527146816254
158,740,1.89094352722168
158,738,1.59527146816254
159,480,1.48545706272125
159,313,1.55308878421783
159,582,1.48545706272125
159,327,1.77585875988007
159,538,1.48545706272125
159,314,1.66076064109802
159,311,1.59527146816254
159,160,1.59527146816254
162,165,1.11569511890411
164,94,1.23474729061127
165,832,1.20454609394073
166,785,1.48545706272125
166,513,1.48545706272125
166,376,1.57637405395508
166,780,1.48545706272125
167,780,1.59527146816254
167,147,1.59527146816254
167,368,1.52370345592499
167,367,1.59527146816254
167,479,1.50860917568207
167,593,1.72892272472382
167,509,1.52370345592499
167,391,1.72892272472382
167,576,1.47231233119965
167,785,1.72892272472382
168,778,1.70918297767639
168,774,1.70918297767639
168,513,1.70918297767639
168,376,1.81009125709534
168,384,1.47636461257935
169,166,1.48545706272125
169,539,1.48545706272125
169,785,1.64493179321289
169,771,1.64493179321289
169,593,1.52370345592499
169,778,1.57637405395508
169,780,1.52370345592499
169,779,1.52370345592499
169,167,1.64493179321289
169,781,1.55308878421783
169,509,1.91648399829865
170,83,1.52370345592499
170,653,1.52370345592499
170,546,1.52370345592499
170,540,1.59527146816254
171,484,1.51211881637573
171,376,1.48545706272125
171,773,1.57637405395508
171,653,1.64927959442139
171,545,1.66076064109802
171,168,1.52370345592499
171,521,1.57637405395508
171,539,1.67318260669708
172,545,1.50204980373383
172,521,1.52370345592499
172,653,1.7433522939682
172,773,1.52370345592499
172,489,1.50590443611145
172,171,1.52370345592499
173,546,1.56029164791107
173,539,1.47636461257935
173,484,1.77585875988007
174,377,1.62404489517212
175,375,1.59527146816254
175,663,1.72076821327209
175,550,1.50204980373383
176,774,1.50204980373383
176,384,1.50204980373383
176,545,1.50204980373383
178,378,1.8195458650589
179,285,1.48545706272125
179,261,1.48545706272125
179,740,1.48545706272125
179,158,1.48545706272125
179,332,1.54220259189606
179,739,1.48545706272125
179,738,1.59527146816254
181,377,1.31813228130341
182,191,1.49839806556702
182,185,1.49839806556702
182,184,1.57212233543396
182,802,1.56217312812805
182,803,1.49839806556702
182,192,1.53115272521973
182,24,1.62052035331726
183,170,1.55308878421783
183,737,1.48545706272125
183,483,1.55818712711334
184,393,1.8195458650589
184,762,2.10989618301392
184,765,1.8869321346283
184,763,1.75436913967133
184,761,1.75436913967133
184,803,1.69140219688416
184,613,1.51578330993652
184,730,1.63067102432251
184,809,1.89094352722168
184,802,2.52489542961121
184,191,3.31083846092224
184,22,2.39729642868042
184,151,2.99770164489746
184,192,2.58511829376221
184,614,1.63067102432251
184,78,1.57212233543396
184,788,1.95649695396423
184,482,1.95649695396423
184,758,1.57212233543396
185,184,2.10989618301392
185,760,1.55308878421783
185,803,1.94084393978119
185,763,1.94084393978119
185,762,1.88136494159698
185,765,2.46231412887573
185,809,1.56538987159729
185,78,1.51430177688599
185,614,1.62404489517212
185,14,1.51430177688599
185,482,2.61444497108459
185,393,3.20546007156372
185,759,1.55308878421783
185,21,3.70130276679993
185,22,3.70130276679993
185,788,4
185,761,1.9641615152359
185,758,1.85668671131134
185,613,1.62404489517212
185,144,1.48545706272125
185,151,1.8195458650589
185,802,1.79661381244659
185,24,2.81845498085022
185,192,1.81671929359436
185,191,2.18618273735046
186,395,1.53718495368958
186,195,1.67318260669708
186,633,1.44545209407806
186,636,1.28640925884247
186,347,1.2809647321701
188,655,1.53432559967041
188,183,1.48545706272125
188,654,1.47851359844208
188,735,1.56916844844818
190,540,1.52370345592499
190,84,1.54641807079315
191,772,1.49839806556702
191,759,1.49839806556702
191,613,1.49839806556702
191,758,1.75281941890717
191,143,1.55818712711334
191,144,1.49839806556702
191,763,1.97034931182861
191,393,2.49737930297852
191,761,1.97034931182861
191,803,1.55818712711334
191,14,1.68539786338806
191,614,1.75281941890717
191,150,1.68539786338806
191,482,1.89529526233673
191,809,1.95096719264984
191,802,1.99368727207184
191,764,1.55818712711334
191,78,1.68539786338806
191,765,1.97034931182861
191,762,2.18618273735046
191,788,2.18618273735046
191,22,2.18618273735046
191,483,1.62052035331726
191,730,1.7980842590332
192,483,1.63956606388092
192,730,1.58437871932983
192,758,1.81671929359436
192,761,1.81671929359436
192,803,1.4798378944397
192,763,1.81671929359436
192,393,1.94449162483215
192,762,1.75572264194489
192,14,1.69669008255005
192,614,1.4798378944397
192,78,1.4798378944397
192,809,1.95096719264984
192,150,1.58437871932983
192,482,1.69669008255005
192,191,3.15657329559326
192,802,2.31079864501953
192,765,1.75572264194489
192,22,1.81671929359436
192,788,1.81671929359436
193,526,1.31034183502197
193,547,1.77585875988007
195,189,1.77585875988007
196,201,1.29900395870209
196,194,1.36004531383514
198,398,1.50204980373383
198,402,1.50590443611145
199,329,1.33154559135437
200,396,1.36004531383514
202,205,1.33427488803864
203,818,1.36004531383514
204,203,1.31456673145294
205,401,1.54828178882599
206,431,1.29114735126495
208,656,1.38932573795319
210,709,1.42478585243225
213,519,1.44545209407806
214,442,1.36004531383514
215,208,1.43913519382477
216,222,1.48545706272125
216,217,1.77585875988007
219,563,1.31034183502197
220,221,1.36004531383514
222,87,1.55308878421783
223,87,1.1966997385025
224,294,1.36004531383514
225,152,1.50860917568207
227,448,1.09819364547729
229,299,1.52370345592499
229,123,1.64493179321289
229,163,1.64493179321289
229,766,1.52370345592499
232,805,1.40038228034973
233,664,1.59527146816254
234,595,1.29900395870209
235,242,1.95649695396423
236,663,1.48545706272125
236,771,1.62404489517212
237,505,1.66076064109802
237,323,1.50204980373383
237,153,1.48545706272125
237,771,1.48545706272125
237,13,1.54220259189606
237,157,1.50204980373383
237,479,1.50860917568207
237,367,1.50204980373383
237,377,1.77585875988007
237,663,1.72076821327209
237,320,1.50204980373383
237,291,1.57212233543396
238,242,1.63524401187897
238,727,1.63524401187897
239,377,1.50860917568207
239,61,1.61775851249695
239,479,1.99368727207184
239,510,1.50860917568207
240,242,1.55308878421783
240,241,1.55308878421783
241,242,1.69140219688416
241,727,1.63524401187897
242,453,1.69140219688416
243,740,1.52370345592499
244,485,1.52370345592499
244,740,1.52370345592499
244,581,1.36004531383514
246,167,1.59527146816254
247,558,1.12615561485291
248,558,1.36004531383514
249,13,1.59527146816254
251,617,1.42895925045013
252,605,1.46165382862091
255,254,1.2809647321701
255,146,1.30524349212646
257,229,1.46165382862091
258,186,1.44545209407806
259,769,1.54220259189606
260,36,1.53245544433594
260,274,1.59527146816254
260,42,1.72076821327209
260,43,1.68539786338806
260,623,1.36004531383514
261,253,1.50204980373383
261,437,1.56538987159729
261,259,1.50204980373383
265,651,1.36004531383514
266,271,1.29900395870209
267,656,1.33154559135437
268,99,1.06303775310516
269,307,1.70133709907532
271,777,1.56538987159729
272,270,1.59527146816254
272,269,1.49604880809784
274,276,1.58145153522491
274,81,1.38932573795319
274,85,1.38932573795319
274,273,1.51430177688599
275,64,1.69140219688416
275,63,1.61090064048767
275,62,1.57931685447693
275,281,1.71551787853241
275,648,1.4932256937027
275,280,1.71551787853241
275,277,1.48545706272125
275,58,1.64122939109802
275,542,1.50590443611145
275,755,1.54641807079315
275,61,1.54641807079315
275,654,1.54220259189606
275,540,1.52370345592499
275,653,1.71551787853241
275,539,1.54641807079315
275,546,1.54641807079315
275,59,1.71551787853241
275,56,1.93015146255493
275,655,2.01004528999329
275,278,1.93015146255493
275,652,1.54641807079315
275,545,1.50204980373383
275,279,1.4932256937027
275,400,1.54828178882599
277,542,1.77585875988007
277,655,1.48545706272125
277,60,1.48545706272125
277,63,1.6983015537262
277,490,1.55308878421783
277,731,1.57212233543396
277,489,1.50590443611145
277,736,1.60882842540741
277,733,1.52370345592499
277,62,1.62404489517212
277,281,1.55308878421783
277,486,1.62404489517212
277,279,1.62404489517212
277,543,1.48545706272125
278,546,1.57931685447693
278,653,1.50204980373383
278,56,1.57931685447693
278,737,1.4932256937027
278,648,1.72076821327209
278,543,1.59527146816254
278,280,1.66076064109802
278,544,1.50204980373383
278,279,1.56538987159729
278,400,1.66855728626251
278,547,1.51430177688599
278,736,1.47851359844208
278,63,1.69140219688416
278,64,1.53432559967041
278,281,1.74638092517853
278,62,1.57931685447693
278,548,1.50204980373383
278,655,1.74638092517853
278,58,1.56538987159729
278,59,1.74638092517853
279,529,1.36004531383514
279,542,1.56916844844818
279,736,1.54220259189606
279,76,1.4932256937027
279,528,1.36004531383514
279,63,1.64122939109802
279,62,1.4932256937027
279,59,1.4932256937027
279,655,1.4932256937027
280,400,1.60725009441376
280,60,1.55308878421783
280,77,1.54641807079315
280,654,1.47851359844208
280,731,1.51578330993652
280,489,1.50590443611145
280,56,1.50204980373383
280,281,1.80675661563873
280,490,1.71551787853241
280,79,1.62873005867004
280,59,1.54641807079315
280,64,1.61090064048767
280,62,1.74638092517853
280,279,1.4932256937027
280,63,1.69140219688416
280,811,1.62873005867004
280,76,1.54641807079315
280,655,1.71551787853241
281,97,1.43369436264038
281,76,1.59527146816254
281,56,1.66076064109802
281,62,2.92079162597656
281,811,1.87326610088348
281,79,1.77585875988007
281,655,1.54641807079315
281,58,1.56538987159729
281,755,1.68317532539368
281,382,1.51211881637573
281,61,1.68317532539368
281,458,1.77585875988007
281,490,1.9024463891983
281,348,1.68317532539368
281,63,1.95649695396423
281,64,1.77585875988007
281,738,1.51211881637573
281,479,1.68317532539368
281,60,1.48545706272125
281,653,1.51211881637573
281,330,1.51211881637573
282,655,1.64122939109802
282,84,1.4932256937027
282,484,1.56538987159729
282,540,1.52370345592499
282,545,1.4932256937027
282,654,1.54220259189606
282,58,1.56538987159729
282,29,1.4932256937027
282,492,1.50590443611145
283,365,1.36004531383514
283,262,1.36004531383514
285,715,1.29114735126495
285,237,1.50204980373383
286,290,1.52370345592499
286,60,1.48545706272125
287,173,1.56029164791107
287,286,1.47636461257935
287,484,1.51211881637573
288,654,1.53245544433594
288,547,1.72892272472382
288,193,1.84495902061462
288,540,1.59527146816254
289,288,1.7997579574585
289,865,1.8195458650589
290,378,1.55308878421783
291,378,1.57212233543396
291,290,1.55308878421783
291,796,1.57212233543396
292,367,1.59527146816254
292,807,1.48545706272125
292,499,1.59527146816254
293,237,1.50204980373383
293,515,1.50204980373383
293,514,1.52370345592499
293,25,1.50204980373383
293,377,1.48545706272125
294,312,2.10989618301392
294,322,1.55308878421783
295,497,1.55308878421783
295,318,1.48545706272125
296,80,1.7433522939682
296,17,1.7433522939682
297,521,1.52370345592499
297,653,1.47636461257935
298,378,1.52370345592499
298,508,1.62404489517212
298,638,1.62404489517212
299,799,1.50860917568207
300,484,1.51211881637573
300,146,1.52370345592499
300,376,1.50860917568207
301,769,1.54220259189606
301,742,1.59527146816254
301,745,1.72892272472382
301,377,1.67844176292419
301,504,1.54220259189606
301,508,1.54220259189606
301,153,1.54220259189606
301,74,1.52370345592499
301,593,1.72892272472382
301,13,1.54220259189606
301,378,1.77585875988007
301,510,1.57212233543396
302,60,1.42110085487366
303,811,1.40366911888123
304,438,1.29114735126495
306,148,1.43913519382477
307,467,1.40754520893097
307,370,1.57212233543396
308,729,1.67844176292419
309,306,1.36004531383514
310,18,1.52370345592499
310,605,1.55308878421783
310,312,1.55308878421783
310,313,1.55308878421783
310,741,1.56538987159729
310,727,1.63524401187897
310,740,1.70918297767639
311,0,1.59527146816254
311,313,1.55308878421783
311,641,1.87326610088348
311,480,1.87326610088348
311,321,1.69140219688416
311,326,1.59527146816254
311,160,1.59527146816254
311,327,1.87326610088348
311,314,1.59527146816254
311,538,1.59527146816254
312,322,1.55308878421783
312,377,1.48545706272125
312,293,1.63524401187897
313,321,1.77585875988007
313,322,1.55308878421783
313,177,1.52370345592499
313,312,1.55308878421783
313,327,1.77585875988007
314,327,1.77585875988007
314,321,1.69140219688416
314,480,1.48545706272125
315,261,1.77585875988007
315,244,1.52370345592499
315,741,1.56538987159729
315,727,1.52370345592499
315,311,1.52370345592499
316,61,1.40754520893097
317,523,1.26157450675964
318,480,1.77585875988007
318,322,1.69140219688416
318,319,1.48545706272125
318,405,1.66076064109802
318,497,1.55308878421783
319,480,1.48545706272125
320,454,1.77585875988007
321,322,1.69140219688416
322,454,1.55308878421783
322,605,1.95649695396423
322,497,1.55308878421783
322,480,1.69140219688416
323,454,1.70918297767639
325,480,1.48545706272125
325,318,1.48545706272125
327,324,1.59527146816254
327,126,1.59527146816254
327,321,1.95649695396423
327,480,1.77585875988007
327,325,1.48545706272125
327,318,1.48545706272125
327,322,1.69140219688416
328,755,1.53718495368958
330,539,1.64927959442139
330,484,1.59527146816254
330,56,1.50204980373383
330,545,1.50204980373383
330,172,1.64927959442139
330,799,1.47636461257935
330,382,1.59527146816254
330,654,1.47851359844208
330,653,1.64927959442139
330,546,1.56029164791107
336,235,1.36004531383514
336,390,1.2478358745575
337,327,1.46165382862091
339,416,1.36004531383514
340,339,1.21820867061615
341,124,1.42478585243225
342,341,1.42478585243225
343,307,1.46165382862091
343,334,1.36004531383514
345,344,1.36004531383514
346,767,1.66076064109802
348,64,1.69140219688416
348,479,1.47636461257935
348,458,1.47636461257935
349,61,1.50860917568207
350,83,1.46672606468201
351,857,1.42478585243225
353,250,1.36004531383514
353,768,1.55308878421783
354,152,1.59527146816254
354,4,1.57212233543396
354,391,1.59527146816254
355,3,1.25847041606903
355,376,1.50860917568207
357,185,2.46231412887573
357,151,1.75436913967133
357,184,1.75436913967133
357,21,1.82652735710144
357,191,1.89529526233673
357,192,1.75572264194489
357,765,2.10989618301392
357,762,1.88136494159698
357,809,1.51687717437744
357,802,1.86028361320496
357,764,1.72076821327209
357,78,1.58145153522491
357,482,1.90502786636353
357,614,1.80400621891022
357,22,2.27524662017822
357,150,1.56538987159729
357,759,1.4932256937027
357,143,1.4932256937027
357,763,1.98158001899719
357,393,1.94084393978119
357,760,1.80400621891022
357,803,1.72076821327209
357,758,1.67033064365387
357,761,2.19447374343872
357,144,1.4932256937027
357,613,1.56538987159729
357,788,2.67559003829956
357,24,2.18618273735046
358,616,1.70918297767639
358,256,1.36004531383514
358,357,1.4932256937027
358,143,1.52370345592499
358,484,1.51211881637573
359,662,1.54220259189606
359,360,1.48545706272125
360,146,1.54220259189606
360,154,1.62404489517212
360,662,1.67844176292419
360,565,1.48545706272125
360,618,1.59527146816254
360,147,1.48545706272125
360,174,1.48545706272125
361,362,1.53432559967041
361,788,1.56538987159729
361,357,1.56538987159729
362,788,1.56538987159729
362,482,1.54220259189606
362,614,1.50204980373383
362,758,1.59527146816254
362,366,1.80675661563873
362,721,1.32610893249512
363,365,1.47636461257935
363,364,1.47636461257935
363,366,1.47636461257935
363,616,1.56029164791107
364,803,1.54641807079315
364,365,1.52370345592499
364,607,1.66076064109802
365,143,1.52370345592499
365,803,1.62873005867004
365,616,1.70918297767639
366,125,1.55308878421783
366,148,1.63524401187897
366,606,1.36004531383514
366,482,1.47851359844208
366,614,1.50204980373383
367,856,1.36004531383514
368,146,1.52370345592499
369,419,1.87326610088348
369,290,1.66076064109802
371,377,1.54220259189606
371,174,1.67844176292419
371,779,1.52370345592499
372,371,1.54220259189606
372,174,1.48545706272125
372,312,1.55308878421783
374,300,1.52370345592499
374,379,1.54220259189606
374,356,1.41780996322632
375,300,1.52370345592499
375,376,1.50860917568207
375,807,1.72892272472382
375,374,1.59527146816254
376,769,1.50860917568207
376,290,1.66076064109802
376,774,1.52370345592499
376,149,1.55308878421783
376,513,1.48545706272125
377,504,1.48545706272125
377,505,1.48545706272125
377,379,1.62404489517212
377,290,1.55308878421783
377,376,1.61775851249695
377,550,1.48545706272125
377,378,1.77585875988007
377,234,1.48545706272125
377,508,1.94084393978119
378,642,1.52370345592499
379,378,1.64493179321289
380,237,1.48545706272125
380,740,1.48545706272125
380,684,1.48545706272125
381,322,1.59527146816254
381,237,1.66076064109802
382,172,1.59527146816254
382,653,1.68317532539368
382,546,1.51211881637573
382,56,1.50204980373383
382,539,1.77585875988007
382,484,1.59527146816254
382,168,1.68317532539368
382,525,1.51211881637573
382,799,1.51211881637573
382,545,1.66076064109802
382,20,1.51211881637573
385,409,1.70918297767639
385,641,1.69140219688416
385,389,1.69140219688416
386,610,1.48545706272125
386,131,1.36004531383514
388,407,1.52370345592499
388,156,1.59527146816254
389,134,1.46165382862091
392,377,1.48545706272125
393,759,1.55308878421783
393,772,1.55308878421783
393,763,2.82754802703857
393,144,1.55308878421783
393,143,1.55308878421783
393,761,1.88136494159698
393,760,1.55308878421783
393,803,1.6983015537262
393,613,1.55308878421783
393,758,1.85668671131134
394,242,1.52370345592499
395,189,1.48545706272125
395,195,1.99878227710724
395,632,1.55308878421783
396,707,1.58310532569885
396,400,1.49160146713257
396,399,1.52370345592499
396,402,1.58310532569885
396,491,1.60725009441376
396,199,1.41217339038849
396,187,1.58310532569885
396,401,1.60725009441376
397,398,1.50204980373383
397,197,1.46165382862091
397,186,1.52370345592499
398,393,1.48545706272125
398,195,1.50204980373383
399,491,1.54828178882599
399,482,1.50590443611145
399,305,1.44115304946899
400,60,1.49160146713257
400,736,1.54828178882599
400,59,1.54828178882599
400,655,1.49160146713257
400,64,1.49160146713257
400,58,1.49160146713257
400,82,1.54828178882599
400,63,1.49160146713257
400,489,1.49160146713257
400,731,1.75436913967133
400,83,1.49160146713257
400,733,1.57447445392609
400,737,1.49160146713257
401,736,1.66855728626251
401,60,1.54828178882599
401,487,1.54828178882599
401,277,1.66855728626251
401,491,1.60725009441376
401,489,1.54828178882599
401,402,1.66855728626251
401,400,2.03781080245972
401,82,1.60725009441376
401,654,1.60725009441376
401,540,1.49160146713257
401,493,1.50479507446289
401,490,1.49160146713257
401,542,1.60725009441376
401,63,1.49160146713257
401,62,1.49160146713257
401,279,1.49160146713257
401,543,1.49160146713257
401,280,1.66855728626251
401,486,1.54828178882599
401,733,1.79534602165222
401,731,1.8869321346283
402,399,1.63524401187897
402,191,1.49839806556702
402,482,1.50590443611145
402,489,1.50590443611145
402,731,1.63067102432251
402,78,1.50590443611145
402,491,1.60725009441376
402,487,1.63524401187897
402,486,1.50590443611145
402,736,1.56916844844818
403,406,1.66076064109802
403,120,1.77585875988007
404,253,1.50204980373383
405,416,1.52370345592499
406,120,1.77585875988007
406,65,1.69140219688416
406,558,1.36004531383514
407,70,1.52370345592499
407,387,1.52370345592499
407,389,1.52370345592499
408,407,1.52370345592499
408,415,1.52370345592499
408,386,1.55308878421783
408,385,1.69140219688416
408,387,1.69140219688416
408,71,1.69140219688416
408,468,1.69140219688416
408,471,1.46165382862091
408,73,1.8503702878952
409,122,1.48545706272125
409,389,1.52370345592499
409,404,1.50204980373383
409,643,1.52370345592499
410,404,1.72076821327209
410,425,1.42478585243225
410,122,1.62404489517212
410,70,1.72076821327209
410,409,1.56538987159729
412,615,1.39754724502563
413,414,1.46165382862091
414,495,1.14884519577026
415,72,1.52370345592499
415,133,1.36004531383514
415,385,1.52370345592499
415,409,1.52370345592499
416,750,1.77585875988007
417,64,1.32813906669617
418,401,1.49160146713257
418,622,1.33546471595764
419,834,1.31034183502197
420,387,1.46165382862091
421,422,1.46165382862091
421,177,1.52370345592499
423,796,1.46165382862091
424,360,1.48545706272125
426,425,1.36004531383514
427,479,1.55308878421783
428,752,1.46165382862091
428,290,1.55308878421783
429,428,1.25516641139984
430,673,1.36004531383514
432,798,1.29114735126495
433,844,1.36004531383514
434,563,1.13577401638031
435,436,1.43369436264038
436,438,1.43369436264038
436,437,1.42478585243225
438,164,1.43369436264038
439,140,1.14178228378296
439,141,1.43369436264038
440,16,1.18800151348114
440,221,1.21820867061615
441,442,1.21820867061615
442,8,1.36004531383514
443,446,1.43913519382477
444,294,1.63524401187897
445,440,1.36004531383514
446,290,1.36004531383514
447,450,1.36004531383514
448,444,1.14178228378296
448,449,1.63524401187897
450,222,1.48545706272125
450,319,1.48545706272125
451,848,1.14884519577026
451,847,1.30524349212646
452,454,1.55308878421783
452,647,1.36004531383514
452,453,2.99770164489746
452,0,1.87326610088348
453,454,1.55308878421783
454,284,1.52370345592499
455,653,1.32381451129913
456,18,1.70918297767639
456,102,1.52370345592499
456,284,1.52370345592499
457,237,1.66076064109802
457,177,1.70918297767639
457,740,1.52370345592499
457,456,1.52370345592499
457,0,1.63524401187897
457,380,1.62404489517212
457,453,1.63524401187897
458,618,1.48545706272125
458,61,1.57637405395508
458,549,1.48545706272125
458,479,1.77585875988007
458,291,1.57637405395508
458,775,1.57637405395508
458,539,1.48545706272125
459,461,1.89835274219513
459,79,1.55308878421783
459,458,1.48545706272125
459,811,1.49604880809784
460,800,1.49604880809784
460,799,1.49604880809784
460,593,1.49604880809784
460,838,1.59527146816254
460,793,1.49604880809784
461,61,1.50860917568207
461,369,1.50860917568207
461,811,1.59527146816254
461,683,1.50860917568207
461,79,1.55308878421783
461,460,1.49604880809784
461,281,1.59527146816254
461,239,1.50860917568207
461,738,1.50860917568207
462,353,1.42478585243225
463,20,1.43369436264038
466,467,1.50860917568207
468,132,1.59527146816254
470,386,1.43369436264038
472,353,1.36004531383514
476,642,1.36004531383514
477,519,1.63524401187897
478,475,1.47231233119965
478,610,1.47231233119965
479,13,1.50860917568207
479,377,1.61775851249695
479,376,1.61775851249695
479,796,1.50860917568207
479,178,1.50860917568207
479,378,1.61775851249695
479,664,1.73496532440186
479,291,1.73496532440186
479,775,1.53718495368958
479,367,1.50860917568207
479,792,1.50860917568207
481,780,1.64493179321289
481,785,1.52370345592499
481,375,1.64493179321289
481,796,1.52370345592499
481,745,1.52370345592499
481,539,1.57637405395508
481,75,1.50860917568207
481,376,1.50860917568207
481,300,1.52370345592499
481,479,1.50860917568207
481,74,1.52370345592499
482,809,1.61552119255066
482,802,1.73496532440186
482,14,1.54220259189606
482,78,1.60882842540741
482,393,1.90502786636353
482,763,1.75098967552185
482,765,1.82652735710144
482,762,1.82652735710144
482,803,1.60882842540741
482,760,1.47851359844208
482,613,1.75098967552185
482,614,1.82652735710144
482,772,1.47851359844208
482,759,1.54220259189606
482,758,1.60882842540741
482,761,1.98645949363708
483,797,1.55818712711334
483,484,1.49839806556702
484,797,1.56916844844818
485,243,1.52370345592499
485,740,1.52370345592499
485,453,1.52370345592499
485,242,1.70918297767639
486,400,1.49160146713257
486,62,1.48545706272125
486,63,1.55308878421783
486,489,1.56916844844818
486,490,1.48545706272125
486,543,1.6983015537262
486,731,1.57212233543396
486,733,1.52370345592499
486,736,1.60882842540741
486,60,1.55308878421783
486,64,1.48545706272125
487,731,1.69140219688416
487,543,1.65175020694733
487,489,1.70415866374969
487,64,1.58145153522491
487,60,1.51430177688599
487,736,1.54220259189606
487,492,1.50590443611145
487,491,1.66855728626251
487,399,1.56916844844818
487,280,1.51430177688599
487,486,1.51430177688599
487,63,1.58145153522491
487,400,1.49160146713257
488,277,1.48545706272125
488,62,1.50204980373383
488,544,1.50204980373383
488,279,1.4932256937027
489,797,1.77585875988007
489,56,1.50590443611145
489,483,1.62052035331726
489,737,1.56916844844818
489,545,1.56916844844818
490,56,1.50204980373383
490,330,1.54641807079315
490,58,1.56538987159729
490,736,1.47851359844208
490,654,1.54220259189606
490,540,1.52370345592499
490,64,1.69140219688416
490,545,1.66076064109802
491,731,1.57212233543396
491,400,1.60725009441376
491,543,1.49160146713257
491,732,1.57212233543396
492,731,1.57212233543396
492,83,1.58310532569885
492,656,1.50590443611145
493,809,1.50479507446289
493,17,1.64927959442139
493,80,1.56029164791107
493,731,1.74161577224731
493,542,1.74161577224731
493,733,1.90065634250641
494,23,1.50590443611145
494,191,1.55818712711334
494,22,1.50590443611145
494,24,1.55818712711334
494,21,1.50590443611145
494,14,1.50590443611145
494,482,1.56916844844818
495,377,1.62404489517212
495,234,1.48545706272125
495,237,1.48545706272125
495,236,1.62404489517212
495,239,1.50860917568207
496,318,1.59527146816254
496,320,1.55308878421783
497,137,1.55308878421783
497,138,1.36004531383514
498,236,1.62404489517212
498,207,1.48545706272125
498,298,1.48545706272125
498,206,1.48545706272125
498,499,1.48545706272125
499,320,1.55308878421783
500,778,1.52370345592499
501,167,1.50860917568207
501,593,1.61775851249695
501,152,1.61775851249695
501,368,1.61775851249695
502,503,1.48545706272125
502,26,1.67844176292419
502,742,1.59527146816254
502,13,1.67844176292419
502,379,1.50204980373383
502,505,1.66076064109802
502,210,1.50204980373383
502,209,1.50204980373383
502,593,1.59527146816254
502,147,1.48545706272125
502,504,1.66076064109802
502,377,1.62404489517212
503,771,1.62404489517212
503,770,1.48545706272125
503,660,1.48545706272125
503,661,1.48545706272125
503,507,1.54220259189606
503,69,1.48545706272125
503,237,1.62404489517212
503,147,1.62404489517212
503,300,1.52370345592499
503,593,1.59527146816254
503,245,1.48545706272125
503,505,1.77585875988007
503,13,1.82652735710144
503,153,1.94084393978119
503,769,1.54220259189606
503,320,1.62404489517212
503,504,1.62404489517212
503,26,1.82652735710144
504,505,1.66076064109802
504,323,1.50204980373383
505,320,1.77585875988007
505,379,1.59527146816254
506,367,1.77585875988007
506,155,1.50204980373383
507,147,1.54220259189606
507,664,1.59527146816254
508,378,1.91648399829865
508,379,1.72076821327209
509,383,1.49604880809784
509,642,1.64493179321289
509,378,1.52370345592499
509,379,1.52370345592499
510,378,1.69140219688416
511,789,1.59527146816254
512,653,1.47636461257935
512,513,1.48545706272125
512,584,1.43913519382477
512,782,1.63524401187897
512,774,1.52370345592499
512,228,1.44545209407806
512,229,1.63524401187897
514,517,1.48545706272125
515,174,1.62404489517212
516,25,1.66076064109802
516,519,1.50204980373383
517,378,1.52370345592499
517,122,1.48545706272125
518,13,1.72892272472382
518,290,1.55308878421783
518,775,1.63524401187897
518,593,1.59527146816254
519,25,1.66076064109802
520,147,1.62404489517212
520,504,1.56538987159729
520,497,1.56538987159729
520,69,1.56538987159729
520,301,1.67844176292419
520,153,1.62404489517212
520,673,1.42478585243225
520,5,1.56538987159729
520,377,1.77585875988007
521,773,1.55308878421783
521,545,1.50204980373383
522,801,1.36004531383514
523,461,1.23943841457367
524,526,1.33298218250275
524,527,1.36004531383514
530,579,1.2809647321701
531,530,1.15286600589752
532,814,1.25516641139984
532,803,1.46853077411652
533,164,1.36004531383514
534,736,1.54220259189606
535,322,1.26727151870728
536,537,1.52370345592499
536,618,1.47231233119965
538,319,1.48545706272125
538,318,1.48545706272125
538,325,1.48545706272125
538,324,1.59527146816254
538,326,1.59527146816254
538,480,1.77585875988007
538,327,1.77585875988007
538,314,1.48545706272125
539,84,1.77585875988007
539,774,1.61370253562927
539,290,1.57637405395508
539,807,1.48545706272125
539,74,1.48545706272125
539,775,1.67318260669708
539,797,1.50590443611145
539,785,1.48545706272125
539,545,1.93015146255493
539,546,2.10989618301392
539,484,1.87326610088348
539,773,1.57637405395508
539,619,1.57637405395508
539,56,1.74638092517853
539,378,1.48545706272125
539,500,1.52370345592499
539,780,1.67318260669708
539,168,1.61370253562927
539,376,1.67318260669708
539,778,1.57637405395508
539,149,1.57637405395508
539,792,1.48545706272125
539,13,1.48545706272125
539,781,1.57637405395508
539,167,1.48545706272125
539,166,1.57637405395508
540,731,1.63067102432251
540,546,1.59527146816254
540,56,1.91648399829865
540,797,1.77585875988007
540,653,1.67033064365387
540,539,1.67033064365387
540,484,1.67033064365387
540,483,1.55818712711334
540,545,1.67033064365387
540,489,1.56916844844818
541,456,1.70918297767639
542,492,1.50590443611145
542,540,1.56916844844818
542,731,1.69140219688416
542,489,1.50590443611145
542,797,1.56916844844818
543,279,1.52370345592499
543,63,1.59527146816254
543,400,1.54828178882599
543,736,1.54220259189606
543,489,1.50590443611145
543,490,1.59527146816254
543,62,1.59527146816254
543,281,1.52370345592499
545,166,1.50204980373383
545,384,1.50204980373383
545,484,1.74638092517853
545,797,1.50590443611145
545,778,1.66076064109802
545,774,1.57931685447693
545,56,1.66076064109802
545,773,1.50204980373383
545,780,1.50204980373383
545,737,1.4932256937027
545,168,1.57931685447693
545,376,1.50204980373383
546,484,1.97542464733124
546,166,1.52370345592499
546,737,1.56538987159729
546,545,1.57931685447693
546,56,1.74638092517853
546,797,1.56916844844818
546,84,1.52370345592499
546,774,1.52370345592499
547,83,1.58310532569885
547,540,1.51430177688599
547,654,1.75098967552185
547,484,1.72517371177673
547,797,1.63524401187897
547,539,1.51430177688599
547,546,1.58145153522491
548,382,1.59527146816254
548,546,1.47636461257935
548,484,1.59527146816254
549,378,1.55308878421783
549,291,1.89835274219513
549,479,1.55308878421783
549,149,1.55308878421783
549,799,1.55308878421783
552,551,1.39103996753693
552,648,1.52370345592499
554,99,1.15286600589752
554,810,1.55308878421783
556,555,1.42110085487366
556,274,1.80172193050385
557,558,1.06303775310516
560,518,1.36004531383514
561,562,1.40754520893097
562,368,1.40754520893097
564,563,1.31034183502197
566,563,1.2809647321701
566,844,1.36004531383514
567,767,1.36004531383514
568,44,1.36004531383514
569,570,1.36004531383514
570,134,1.36004531383514
571,847,1.82652735710144
571,465,1.36004531383514
572,405,1
573,497,1.55308878421783
574,498,1.36004531383514
577,355,1.47231233119965
578,579,1.12615561485291
579,527,1.45562624931335
579,559,1.44545209407806
580,527,1.27110958099365
583,584,1.36004531383514
586,126,1.36004531383514
586,585,1.23474729061127
587,313,1.36004531383514
588,310,1.55308878421783
589,576,1.30524349212646
590,589,1.43369436264038
591,559,1.41217339038849
592,174,1.36004531383514
593,778,1.48545706272125
593,745,1.59527146816254
593,152,1.59527146816254
593,377,1.59527146816254
593,376,1.50860917568207
593,391,1.59527146816254
593,378,1.52370345592499
593,509,1.52370345592499
593,769,1.87326610088348
596,9,1.2809647321701
597,643,1.36004531383514
598,134,1.36004531383514
600,416,1.36004531383514
602,358,1.53718495368958
602,601,1.50860917568207
605,320,1.77585875988007
605,454,1.55308878421783
607,366,1.66076064109802
608,610,1.36004531383514
609,387,1.2809647321701
610,404,1.48545706272125
610,410,2.46231412887573
610,70,1.48545706272125
610,122,1.48545706272125
611,604,1.52370345592499
611,603,1.41217339038849
611,616,1.52370345592499
611,142,2.25929069519043
611,145,1.91648399829865
611,607,1.69140219688416
611,365,1.52370345592499
611,364,1.55308878421783
612,145,1.54220259189606
612,610,1.48545706272125
612,611,1.52370345592499
614,759,1.66076064109802
614,143,1.50204980373383
614,613,1.74638092517853
614,761,1.58145153522491
614,763,1.56538987159729
614,762,1.72517371177673
614,393,1.55308878421783
614,802,1.56217312812805
614,765,1.62404489517212
614,78,1.58145153522491
615,148,1.43913519382477
616,788,1.4932256937027
616,482,1.47851359844208
616,614,1.57931685447693
616,803,1.54641807079315
616,144,1.50204980373383
616,143,1.52370345592499
617,613,1.54641807079315
617,614,1.50204980373383
617,788,1.4932256937027
617,366,1.61370253562927
617,363,1.64927959442139
617,616,1.52370345592499
618,479,1.73496532440186
618,147,1.72892272472382
618,796,1.52370345592499
618,61,1.50860917568207
618,509,1.52370345592499
618,378,1.52370345592499
619,469,1.45286643505096
619,795,1.77585875988007
619,376,1.55308878421783
620,621,1.26727151870728
620,814,1.18331480026245
621,308,1.30524349212646
621,776,1.2478358745575
626,663,1.42478585243225
627,35,1.36004531383514
628,276,1.42895925045013
631,632,1.42478585243225
633,307,1.40754520893097
635,634,1.50204980373383
636,226,1.61370253562927
637,389,1.69140219688416
637,387,1.69140219688416
638,156,1.48545706272125
639,680,1.36004531383514
639,404,1.66076064109802
639,386,1.55308878421783
640,136,1.29900395870209
640,70,1.56538987159729
640,410,1.72076821327209
641,480,1.59527146816254
643,284,1.52370345592499
644,409,1.52370345592499
644,389,1.69140219688416
645,406,1.36004531383514
646,263,1.77585875988007
646,196,1.32117521762848
646,395,1.48545706272125
646,195,1.67318260669708
648,280,1.4932256937027
648,486,1.48545706272125
649,60,1.85668671131134
649,401,1.7980842590332
649,653,1.52370345592499
649,489,1.56916844844818
649,540,1.59527146816254
649,731,1.57212233543396
649,733,1.52370345592499
649,654,1.67844176292419
649,655,1.52370345592499
649,736,1.54220259189606
649,279,1.52370345592499
649,64,1.52370345592499
649,486,1.55308878421783
649,277,1.48545706272125
649,487,1.51430177688599
649,400,1.49160146713257
649,280,1.52370345592499
650,60,1.48545706272125
650,280,1.53432559967041
650,648,1.4932256937027
650,649,1.59527146816254
650,278,1.61090064048767
651,263,1.53718495368958
651,646,1.48545706272125
651,264,1.77585875988007
653,774,1.47636461257935
653,290,1.47636461257935
653,56,1.66076064109802
653,484,1.77585875988007
653,74,1.56029164791107
653,168,1.47636461257935
653,376,1.47636461257935
653,513,1.56029164791107
653,539,1.94678235054016
653,652,1.47636461257935
653,166,1.56029164791107
653,545,1.74638092517853
653,546,1.7433522939682
654,797,1.92769360542297
654,540,1.90502786636353
654,484,1.75098967552185
654,56,1.67844176292419
654,83,1.91648399829865
654,29,1.54220259189606
654,170,1.54220259189606
654,731,1.69140219688416
654,183,1.47851359844208
654,489,1.77585875988007
654,546,1.54220259189606
654,653,1.67844176292419
654,539,1.47851359844208
654,545,1.54220259189606
654,483,1.68539786338806
655,797,1.50590443611145
655,484,1.71551787853241
655,546,1.71551787853241
655,539,1.71551787853241
655,731,1.51578330993652
655,540,1.52370345592499
655,56,1.66076064109802
655,290,1.54641807079315
655,84,1.62873005867004
655,545,1.57931685447693
655,170,1.52370345592499
655,83,1.52370345592499
655,547,1.65175020694733
655,173,1.54641807079315
655,60,1.55308878421783
655,382,1.54641807079315
655,542,1.50590443611145
655,61,1.54641807079315
655,654,1.60882842540741
655,653,1.80675661563873
657,759,1.57931685447693
657,658,1.51211881637573
658,115,1.40038228034973
659,503,1.72892272472382
659,13,1.72892272472382
660,174,1.48545706272125
660,661,1.48545706272125
660,374,1.54220259189606
660,13,1.54220259189606
660,300,1.77585875988007
661,13,1.82652735710144
662,301,1.82652735710144
662,787,1.67844176292419
662,785,1.59527146816254
662,178,1.57212233543396
662,593,1.59527146816254
662,780,1.59527146816254
663,377,1.62404489517212
663,664,1.59527146816254
663,789,1.59527146816254
664,796,1.64493179321289
665,69,1.50204980373383
665,520,1.72076821327209
666,411,1.32381451129913
666,412,1.47636461257935
667,666,1.21820867061615
668,806,1.82652735710144
669,668,1.8195458650589
670,127,1.51211881637573
670,282,1.4932256937027
670,129,1.29114735126495
671,670,1.36004531383514
672,384,1.47636461257935
676,679,1.42478585243225
677,0,1.36004531383514
678,88,1.36004531383514
678,683,1.61775851249695
678,239,1.50860917568207
679,847,1.54220259189606
681,680,1.36004531383514
682,348,1.47636461257935
682,479,1.50860917568207
682,710,1.41217339038849
682,511,1.52370345592499
684,236,1.48545706272125
685,686,1.21820867061615
686,214,1.21820867061615
687,85,1.20821046829224
688,64,1.39293324947357
690,689,1.09819364547729
691,194,1.21820867061615
692,732,1.40975642204285
693,238,1.14178228378296
694,696,1.40754520893097
694,695,1.36004531383514
696,290,1.36004531383514
697,698,1.26727151870728
698,564,1.11569511890411
699,619,1.20821046829224
700,484,1.36004531383514
702,666,1.28640925884247
703,117,1.15286600589752
703,118,1.14178228378296
703,103,1.02789127826691
704,100,1.70918297767639
705,13,1.52370345592499
705,374,1.52370345592499
705,376,1.61775851249695
705,377,1.64493179321289
705,549,1.55308878421783
705,800,1.52370345592499
705,375,1.52370345592499
705,61,1.50860917568207
705,378,1.52370345592499
705,379,1.52370345592499
705,479,1.73496532440186
706,457,1.43369436264038
707,187,1.55818712711334
708,146,1.54220259189606
711,740,1.43369436264038
712,404,1.36004531383514
713,593,1.40366911888123
714,373,1.18800151348114
716,719,1.46165382862091
716,406,1.48545706272125
719,352,1.46165382862091
720,121,1.82652735710144
722,860,1.36004531383514
723,120,1.46165382862091
724,377,1.47231233119965
725,862,1.41217339038849
725,857,1.36004531383514
725,863,1.2478358745575
726,335,1.42478585243225
726,684,1.48545706272125
726,683,1.50860917568207
726,338,1.42478585243225
727,158,1.56538987159729
727,242,1.63524401187897
727,235,1.63524401187897
727,485,1.52370345592499
727,177,1.52370345592499
727,740,1.70918297767639
728,308,1.82652735710144
728,729,1.67844176292419
730,656,1.49160146713257
731,56,1.51578330993652
731,489,2.10989618301392
731,797,1.69140219688416
731,483,1.57212233543396
732,731,1.51578330993652
733,654,1.57447445392609
733,83,1.57447445392609
733,731,1.97969400882721
733,489,1.68133437633514
733,809,1.77585875988007
733,17,1.56029164791107
733,542,1.6270010471344
733,802,1.6270010471344
733,192,1.52370345592499
733,80,1.47636461257935
734,401,1.61775851249695
734,402,1.50860917568207
734,732,1.56217312812805
734,736,1.50860917568207
734,733,1.57447445392609
734,730,1.56217312812805
734,731,1.67533826828003
734,491,1.67533826828003
734,400,1.73496532440186
734,735,1.56217312812805
735,492,1.50590443611145
735,183,1.50590443611145
735,730,1.54828178882599
735,191,1.55818712711334
735,402,1.70415866374969
735,483,1.49839806556702
735,487,1.56916844844818
735,399,1.50590443611145
736,20,1.47851359844208
736,733,1.52370345592499
736,731,1.8195458650589
736,540,1.47851359844208
736,737,1.60882842540741
736,654,1.82652735710144
736,797,1.56916844844818
736,489,1.8503702878952
737,483,1.55818712711334
738,479,1.50860917568207
738,796,1.52370345592499
738,369,1.72892272472382
738,152,1.72892272472382
738,19,1.59527146816254
739,322,1.50204980373383
739,126,1.50204980373383
739,381,1.50204980373383
740,322,1.52370345592499
740,237,1.50204980373383
740,323,1.52370345592499
740,605,1.52370345592499
740,790,1.50204980373383
740,177,1.52370345592499
740,312,1.52370345592499
740,480,1.52370345592499
740,453,1.52370345592499
740,454,1.70918297767639
740,100,1.52370345592499
740,313,1.70918297767639
740,259,1.50204980373383
740,320,1.52370345592499
740,738,1.59527146816254
740,791,1.52370345592499
740,0,1.52370345592499
740,674,1.43369436264038
741,485,1.56538987159729
741,158,1.89094352722168
741,740,1.89094352722168
741,331,1.29900395870209
741,373,1.72076821327209
741,177,1.56538987159729
741,179,1.62404489517212
741,727,1.72076821327209
741,243,1.56538987159729
741,261,1.72076821327209
741,726,1.56538987159729
741,333,1.56538987159729
741,495,1.48545706272125
742,717,1.47231233119965
742,593,1.72892272472382
742,377,1.59527146816254
742,508,1.59527146816254
742,769,1.59527146816254
742,378,1.52370345592499
743,744,1.77585875988007
743,860,1.36004531383514
745,769,1.72892272472382
745,378,1.64493179321289
746,673,1.18800151348114
747,673,1.29900395870209
748,9,1.44545209407806
749,4,1.46165382862091
751,428,1.31034183502197
754,565,1.62404489517212
755,458,1.57637405395508
755,77,1.53718495368958
755,792,1.63524401187897
755,61,1.8503702878952
755,652,1.61370253562927
755,619,1.53718495368958
755,56,1.57931685447693
755,653,1.56029164791107
755,479,1.53718495368958
755,546,1.61370253562927
755,540,1.67033064365387
755,539,1.67318260669708
757,661,1.67844176292419
757,13,1.82652735710144
757,660,1.54220259189606
757,786,1.59527146816254
757,659,1.59527146816254
757,155,1.54220259189606
759,772,1.89094352722168
759,183,1.55308878421783
760,144,1.50204980373383
760,759,1.57931685447693
760,761,1.72517371177673
760,143,1.81009125709534
761,758,1.88136494159698
761,143,1.58145153522491
761,613,1.58145153522491
761,483,1.49839806556702
761,759,1.51430177688599
762,393,1.9641615152359
762,763,2.19447374343872
762,613,1.65175020694733
762,758,1.72517371177673
762,761,1.9641615152359
762,803,1.58145153522491
762,772,1.65175020694733
762,759,1.65175020694733
762,143,1.58145153522491
762,730,1.49160146713257
763,761,1.9641615152359
763,758,1.83092153072357
763,613,1.4932256937027
763,143,1.56538987159729
763,759,1.4932256937027
763,772,1.4932256937027
763,144,1.64122939109802
763,760,1.64122939109802
763,803,1.80400621891022
764,765,1.62404489517212
764,762,1.65175020694733
764,393,1.48545706272125
764,763,1.56538987159729
764,78,1.88136494159698
764,802,1.50860917568207
764,758,1.59527146816254
764,144,1.50204980373383
764,761,1.88136494159698
764,760,1.94678235054016
764,658,1.56029164791107
764,657,1.59527146816254
764,759,1.57931685447693
764,143,1.7433522939682
764,484,1.59527146816254
764,773,1.56029164791107
765,760,1.62404489517212
765,758,1.85668671131134
765,763,2.10989618301392
765,803,1.62404489517212
765,772,1.48545706272125
765,761,2.89801168441772
765,613,1.62404489517212
765,143,1.6983015537262
765,393,2.10989618301392
765,762,2.19447374343872
766,376,1.50860917568207
766,355,1.91648399829865
767,344,1.59527146816254
768,767,1.55308878421783
768,344,1.55308878421783
770,320,1.52370345592499
770,504,1.50204980373383
770,367,1.77585875988007
770,505,1.77585875988007
772,104,1.4932256937027
772,183,1.55308878421783
773,484,1.68317532539368
774,290,1.52370345592499
775,290,1.63524401187897
775,149,1.63524401187897
775,376,1.53718495368958
775,84,1.53718495368958
777,776,1.2478358745575
778,774,1.70918297767639
778,509,1.77585875988007
778,149,1.48545706272125
779,509,1.52370345592499
780,74,1.52370345592499
780,593,1.59527146816254
780,785,2.75342273712158
780,146,1.59527146816254
780,300,1.64493179321289
780,773,1.55308878421783
780,378,1.52370345592499
780,376,1.50860917568207
781,513,1.48545706272125
781,778,1.48545706272125
781,378,1.55308878421783
781,780,1.66076064109802
781,168,1.52370345592499
782,775,1.53718495368958
782,509,1.50860917568207
782,539,1.57637405395508
782,479,1.61775851249695
782,549,1.55308878421783
782,799,1.73496532440186
782,378,1.99368727207184
782,13,1.61775851249695
782,376,1.61775851249695
782,377,1.73496532440186
782,291,1.61775851249695
782,508,1.50860917568207
782,774,1.52370345592499
782,178,1.50860917568207
782,290,1.66076064109802
783,61,1.50860917568207
783,799,1.61775851249695
783,375,1.57212233543396
783,13,1.57212233543396
783,377,1.57212233543396
783,800,1.69140219688416
783,782,1.73496532440186
783,793,1.57212233543396
784,377,1.57212233543396
784,479,1.50860917568207
784,799,1.61775851249695
784,793,1.69140219688416
784,291,1.69140219688416
784,782,1.86028361320496
784,783,1.95649695396423
784,378,1.8195458650589
786,593,1.59527146816254
786,518,1.59527146816254
786,13,1.59527146816254
787,298,1.48545706272125
787,508,1.56538987159729
787,301,1.54220259189606
788,730,1.54828178882599
788,143,1.4932256937027
788,613,1.64122939109802
788,144,1.4932256937027
788,803,1.98158001899719
788,393,2.10989618301392
788,762,1.88136494159698
788,760,1.56538987159729
788,763,1.98158001899719
788,809,1.51687717437744
788,764,1.56538987159729
788,765,2.10989618301392
788,802,1.79661381244659
788,758,1.91648399829865
788,761,1.80172193050385
788,150,1.56538987159729
788,482,1.90502786636353
788,14,1.51430177688599
788,614,1.72076821327209
789,664,1.72892272472382
790,367,1.66076064109802
790,798,1.36004531383514
790,312,1.50204980373383
791,454,1.55308878421783
791,453,1.55308878421783
791,0,2.10989618301392
791,322,1.55308878421783
792,13,1.50860917568207
792,376,1.61775851249695
793,377,1.59527146816254
793,13,1.72892272472382
793,780,1.59527146816254
793,799,1.86028361320496
793,742,1.59527146816254
793,26,1.59527146816254
793,782,1.73496532440186
793,800,1.64493179321289
793,786,1.59527146816254
793,787,1.59527146816254
793,510,1.57212233543396
793,301,2.10989618301392
793,593,1.87326610088348
793,378,2.25929069519043
793,745,1.59527146816254
793,508,1.72892272472382
793,778,1.48545706272125
793,509,1.52370345592499
794,60,1.48545706272125
794,460,1.57637405395508
794,652,1.52370345592499
796,753,1.41217339038849
799,13,1.86028361320496
799,484,1.51211881637573
799,378,1.86028361320496
799,211,1.50860917568207
799,545,1.50204980373383
799,539,1.57637405395508
799,653,1.47636461257935
799,479,1.50860917568207
799,807,1.50860917568207
799,178,1.50860917568207
799,773,1.55308878421783
799,774,1.52370345592499
799,290,1.77585875988007
799,778,1.48545706272125
799,509,1.50860917568207
799,508,1.50860917568207
799,291,1.61775851249695
799,374,1.50860917568207
799,376,1.50860917568207
800,508,1.52370345592499
800,377,1.52370345592499
800,593,1.52370345592499
800,13,1.52370345592499
800,742,1.52370345592499
800,782,1.50860917568207
800,757,1.52370345592499
801,462,1.29900395870209
802,483,1.56217312812805
802,83,1.56217312812805
802,772,1.50860917568207
802,759,1.61775851249695
802,758,1.50860917568207
802,730,1.56217312812805
802,765,1.67533826828003
802,762,2.24626684188843
802,393,1.67533826828003
802,763,1.86028361320496
802,803,1.61775851249695
802,761,1.86028361320496
803,111,1.32610893249512
803,144,1.50204980373383
803,758,1.59527146816254
803,761,1.51430177688599
803,760,1.54641807079315
804,732,1.48545706272125
804,701,1.43369436264038
804,805,1.48545706272125
805,731,1.48545706272125
805,802,1.53017020225525
805,192,1.53017020225525
805,809,1.57637405395508
805,732,1.48545706272125
805,493,1.59527146816254
805,80,1.47636461257935
805,733,1.62404489517212
806,810,1.55308878421783
806,807,1.48545706272125
807,237,1.48545706272125
807,663,1.62404489517212
807,13,1.54220259189606
807,147,1.48545706272125
807,789,1.59527146816254
807,374,1.54220259189606
807,25,1.48545706272125
807,519,1.48545706272125
807,2,1.36004531383514
808,802,1.55308878421783
808,730,1.60600936412811
808,192,1.55308878421783
808,809,1.51687717437744
809,761,1.72076821327209
809,763,1.61552119255066
809,80,1.47636461257935
809,483,1.51687717437744
809,730,1.66732239723206
809,802,2.5470142364502
809,765,1.66732239723206
809,393,1.56538987159729
809,762,1.77585875988007
809,772,1.51687717437744
810,811,1.49604880809784
810,655,1.54641807079315
810,61,1.55308878421783
810,481,1.55308878421783
811,738,1.49604880809784
811,58,1.56538987159729
811,64,1.53432559967041
811,490,1.71551787853241
811,481,1.49604880809784
811,239,1.49604880809784
811,458,1.67318260669708
811,755,1.63524401187897
811,539,1.57637405395508
811,653,1.47636461257935
811,546,1.52370345592499
811,479,1.70133709907532
811,792,1.49604880809784
811,796,1.49604880809784
811,56,1.74638092517853
811,795,1.49604880809784
811,61,1.81424570083618
811,79,1.59527146816254
811,789,1.49604880809784
812,99,1.06303775310516
813,695,1.2809647321701
815,816,1.36004531383514
815,817,1.36004531383514
817,851,1.40975642204285
818,555,1.32992398738861
819,790,1.50204980373383
821,820,1.21820867061615
822,565,1.48545706272125
823,822,1.56538987159729
824,504,1.50204980373383
825,824,1.23474729061127
827,315,1.50204980373383
827,826,1.41217339038849
828,174,1.62404489517212
829,828,1.03427040576935
830,835,1.53718495368958
830,844,1.36004531383514
831,830,1.36004531383514
832,724,1.25847041606903
833,742,1.45286643505096
836,297,1.61370253562927
837,212,1.47636461257935
837,836,1.57637405395508
839,725,1.36004531383514
840,724,1.47231233119965
840,756,1.47231233119965
841,290,1.53718495368958
842,841,1.40038228034973
843,842,1.59527146816254
846,844,1.36004531383514
846,845,1.44545209407806
847,299,1.47231233119965
849,639,1.1966997385025
850,817,1.53245544433594
850,542,1.41484236717224
851,52,1.46165382862091
851,854,1.36004531383514
852,853,1.41780996322632
853,494,1.38781130313873
854,575,1.43369436264038
855,647,1.2478358745575
858,90,1.30524349212646
859,773,1.36004531383514
860,599,1.2809647321701
861,860,1.55308878421783
862,464,1.41217339038849
862,465,1.46165382862091
863,858,1.2478358745575
865,193,1.8869321346283
865,864,1.57212233543396
865,288,1.8869321346283
