"index","pid","product","size_layout","color","community_ref","x","y"
0,3822,"Composite diagnostic or laboratory reagents, nes",17.45947265625,"#9c219c",8,1327.59594727,2131.48754883
1,8307,"Tubing,flexible, with/without fittings, iron or steel",15.205078125,"#299fff",2,1637.95837402,2680.02758789
2,8601,"Rail locomotives, externally electrically powered",15.02392578125,"#299fff",2,1842.53051758,2671.22460938
3,8901,"Cruise ships, excursion boats, ferry boats",31.50048828125,"#299fff",2,1929.01843262,2142.74682617
4,9015,"Rangefinders",16.233154296875,"#299fff",2,1655.44604492,2040.54943848
5,8429,"Bulldozers and angledozers, crawler type",23.2703857421875,"#299fff",2,1673.91912842,2745.16650391
6,8410,"Hydraulic turbines, water wheels, power < 1000 kW",15.080078125,"#299fff",2,1938.62231445,2602.89428711
7,8411,"Turbo-jet engines of a thrust < 25 KN",29.3427734375,"#0576a6",1,1341.78442383,2810.60571289
8,9111,"Watch cases of, or clad with, precious metal",15.014892578125,"#0576a6",1,1375.30383301,2782.47875977
9,9703,"Original sculptures and statuary, in any material",15.2054443359375,"#0576a6",1,1324.24542236,2855.22753906
10,9014,"Direction finding compasses",15.912109375,"#299fff",2,1494.68432617,2545.16015625
11,5111,"Woven fabric, >85% carded wool or fine hair, <300 g/m",15.05126953125,"#299fff",2,1814.89489746,2052.95458984
12,5112,"Woven fabric, >85% combed wool or fine hair, <300 g/m",15.36083984375,"#299fff",2,1796.06689453,2122.33129883
13,8466,"Tool holders, self-opening dieheads, for machine tool",17.611083984375,"#299fff",2,1761.30249023,2390.4675293
14,6115,"Panty hose etc, synthetic fibre yarn <67 dtex/sy, kni",16.423095703125,"#33cc00",4,2643.6607666,2262.04455566
15,4823,"Paper, self-adhesive, cut to size, in strips or rolls",15.813232421875,"#ff0000",12,2133.39245605,2414.60888672
16,6902,"Refractory bricks, etc with >50% Mg, Ca or Cr as oxid",15.544677734375,"#299fff",2,1747.53393555,2522.90209961
17,7602,"Waste or scrap, aluminium",16.578369140625,"#330000",3,2382.58947754,2316.62780762
18,9010,"Equipment for automatic development of photo film",15.09716796875,"#99ffff",7,1322.38208008,2428.58447266
19,7315,"Chain, roller, iron or steel",15.49609375,"#299fff",2,1582.17492676,2319.52587891
20,7612,"Aluminium containers, collapsible tubular",15.6044921875,"#299fff",2,2308.7421875,2244.78015137
21,6105,"Mens, boys shirts, of cotton, knit",15.96826171875,"#33cc00",4,2717.49047852,2394.27001953
22,6110,"Pullovers, cardigans etc of wool or hair, knit",21.924072265625,"#33cc00",4,2691.75915527,2298.49926758
23,6101,"Mens, boys overcoats, etc, of wool or hair, knit",15.099853515625,"#33cc00",4,2671.9654541,2374.24291992
24,6104,"Womens, girls suits, of wool or hair, knit",17.241455078125,"#33cc00",4,2644.9263916,2409.48657227
25,8605,"Railway passenger and special purpose coaches",15.004150390625,"#299fff",2,1679.27893066,2527.70898438
26,8406,"Steam and vapour turbines for marine propulsion",15.8427734375,"#299fff",2,1727.9107666,2415.22900391
27,3801,"Artificial graphite",15.1143798828125,"#299fff",2,1693.83343506,2644.51757812
28,9019,"Massage and psychological aptitude-test apparatus",15.991943359375,"#299fff",2,1488.26147461,2765.74902344
29,7217,"Wire, iron or non-alloy steel, not plated or coated, <0.25%C",16.118896484375,"#299fff",2,2203.1114502,2340.63549805
30,3816,"Refractory cements, mortars, concretes except graphit",15.15576171875,"#299fff",2,1783.42993164,2509.76171875
31,5007,"Woven fabric of noil silk",15.1728515625,"#9c9a87",9,1412.3527832,2605.56298828
32,3815,"Supported catalysts, nickel based",16.752197265625,"#9c219c",8,1296.65625,2263.20874023
33,5101,"Greasy shorn wool, not carded or combed",15.351806640625,"#6e451e",5,2068.65270996,1777.78710938
34,511,"Semen bovine",15.117919921875,"#d1ff00",11,2174.04455566,2735.1451416
35,404,"Whey",15.39501953125,"#d1ff00",11,2126.56884766,2687.98632812
36,304,"Fish fillet or meat, fresh or chilled, not liver, roe",17.58935546875,"#d1ff00",11,2140.27294922,2774.21142578
37,5107,"Yarn of combed wool, >85% wool, not retail",15.107421875,"#299fff",2,2122.71191406,2279.32763672
38,102,"Bovine animals, live pure-bred breeding",15.82861328125,"#730049",6,2176.16113281,2455.51904297
39,201,"Bovine carcasses and half carcasses, fresh or chilled",17.59228515625,"#d1ff00",11,2213.99121094,2690.2331543
40,401,"Milk not concentrated nor sweetened < 1% fat",15.96337890625,"#730049",6,2224.73095703,2493.4440918
41,4907,"Documents of title (bonds etc), unused stamps etc",15.504150390625,"#9c9a87",9,2906.4732666,2565.62207031
42,303,"Salmon, Pacific, frozen, whole",17.578125,"#d1ff00",11,2104.87255859,2781.86083984
43,305,"Flours, meals & pellets of fish for human consumption",15.626953125,"#d1ff00",11,2145.18212891,2825.64282227
44,7103,"Precious, semi-precious stones unworked, partly worke",15.427490234375,"#330000",3,2876.62609863,2514.86096191
45,4908,"Transfers (decalcomanias), vitrifiable",15.009765625,"#299fff",2,1493.42077637,2336.86157227
46,1502,"Bovine, sheep and goat fats, raw or rendered",15.12451171875,"#d1ff00",11,2098.2199707,2756.84619141
47,1007,"Grain sorghum",15.175537109375,"#d1ff00",11,2070.6998291,2755.8671875
48,202,"Bovine carcasses and half carcasses, frozen",16.876953125,"#d1ff00",11,2091.77856445,2723.38134766
49,1108,"Wheat, starch",15.25244140625,"#d1ff00",11,2230.77612305,2728.19946289
50,206,"Bovine edible offal, fresh or chilled",15.560546875,"#d1ff00",11,2208.19042969,2740.00976562
51,4909,"Postcards, printed or illustrated, greeting cards",15.05615234375,"#9c9a87",9,1495.09655762,2815.51489258
52,4106,"Goat or kid skin leather, vegetable pre-tanned",15.01171875,"#d1ff00",11,2350.74560547,2709.76928711
53,104,"Sheep, live",15.048828125,"#d1ff00",11,2360.22363281,2757.6953125
54,203,"Swine carcasses and half carcasses, fresh or chilled",18.85791015625,"#d1ff00",11,1722.69299316,2621.98632812
55,103,"Swine, live pure-bred breeding",15.42578125,"#d1ff00",11,1711.27905273,2703.83886719
56,8716,"Trailers for housing or camping",18.83740234375,"#ff0000",12,2253.94506836,2472.80883789
57,403,"Yogurt",15.495849609375,"#730049",6,2113.09069824,2459.75634766
58,3925,"Plastic reservoirs, tanks, vats, etc, capacity <300l",16.173583984375,"#ff0000",12,2315.71740723,2378.88195801
59,4410,"Particle board of wood",15.9248046875,"#ff0000",12,2265.55566406,2434.96020508
60,4808,"Paper, corrugated",15.083984375,"#ff0000",12,2364.94091797,2371.27209473
61,6806,"Slag wool, rock wool, similar wools, bulk, sheet, rol",15.427978515625,"#730049",6,1995.1932373,2407.49560547
62,3209,"Acrylic & vinyl polymer based paint, varnish, in wate",15.642822265625,"#730049",6,2116.28967285,2486.12182617
63,3402,"Anionic surface-active agents",18.6826171875,"#730049",6,2177.34814453,2402.88476562
64,3921,"Sheet etc, cellular of polymers of styrene",17.831787109375,"#730049",6,2143.01672363,2471.83813477
65,8477,"Injection-moulding machines for rubber or plastic",18.5135498046875,"#299fff",2,1579.74078369,2559.49829102
66,8443,"Reel fed offset printing machinery",32.6881103515625,"#99ffff",7,1271.65057373,2609.82617188
67,7410,"Foil of refined copper, not backed, t < 0.15mm",15.75341796875,"#99ffff",7,1228.66674805,2731.14819336
68,7006,"Cast, drawn or float glass sheet, edge worked or bent",15.154541015625,"#99ffff",7,1229.45373535,2710.15600586
69,8413,"Pumps dispensing fuel, lubricants in filling stations",23.2236328125,"#299fff",2,1545.4822998,2467.4621582
70,8541,"Diodes, except photosensitive and light emitting",27.1357421875,"#99ffff",7,1239.97790527,2671.41699219
71,8534,"Electronic printed circuits",20,"#99ffff",7,1266.26147461,2704.11816406
72,8522,"Pick-up cartridges",16.451904296875,"#99ffff",7,1230.40673828,2604.59765625
73,8473,"Parts and accessories of typewriters, word processors",36.63134765625,"#99ffff",7,1172.23596191,2623.82983398
74,8417,"Furnaces/ovens non-electric for ores/pyrites/metals",15.830322265625,"#299fff",2,1914.60559082,2362.80249023
75,7019,"Slivers, rovings, yarn and chopped strands of glass",16.626953125,"#299fff",2,1872.3770752,2490.2097168
76,4707,"Waste or scrap of unbleached kraft or paperboard",16.22900390625,"#ff0000",12,2165.98339844,2475.06420898
77,5602,"Needleloom felt and stitch-bonded fibre fabric",15.0087890625,"#ff0000",12,2145.20214844,2391.58959961
78,6202,"Womens, girls overcoats etc of wool or hair not knit",16.677490234375,"#33cc00",4,2545.15148926,2357.54663086
79,3506,"Glues and adhesives of all kinds, package <1 kg",16.107666015625,"#730049",6,2064.62976074,2503.35693359
80,7404,"Copper/copper alloy waste or scrap",17.785400390625,"#330000",3,2432.3338623,2320.48779297
81,2501,"Salt (sodium chloride) including solution, salt water",15.20849609375,"#d1ff00",11,2114.25585938,2943.54003906
82,2402,"Cigars, cheroots and cigarillos, containing tobacco",17.9345703125,"#bf8845",10,2414.61279297,2353.58959961
83,7308,"Bridges and bridge sections, iron or steel",21.681884765625,"#ff0000",12,2344.06604004,2352.11291504
84,8432,"Ploughs",15.989013671875,"#299fff",2,2108.80114746,2349.2746582
85,1605,"Crab, prepared or preserved",15.962890625,"#d1ff00",11,2156.90649414,2893.58520508
86,2603,"Copper ores and concentrates",20,"#330000",3,2270.16210938,1780.1105957
87,8105,"Cobalt, unwrought, matte, waste or scrap, powders",15.7352294921875,"#330000",3,1090.30780029,2442.05688477
88,8437,"Machines to clean, sort, grade seed,grain, dry legume",15.125,"#9c9a87",9,1369.86254883,2449.44140625
89,2530,"Vermiculite, perlite and chlorites, unexpanded",15.079833984375,"#330000",3,1375.82727051,2479.01464844
90,7106,"Silver powder",17.585205078125,"#330000",3,2012.29077148,1809.78533936
91,2529,"Feldspar",15.03662109375,"#330000",3,1982.27331543,1772.03887939
92,2612,"Uranium ores and concentrates",15.1373901367188,"#330000",3,1010.35049438,2417.33251953
93,2602,"Manganese ores, concentrates, iron ores >20% Manganes",15.961669921875,"#330000",3,1067.58996582,2428.7265625
94,7203,"Ferrous products from direct reduction of iron ore",15.2991943359375,"#330000",3,994.29528809,2240.13037109
95,2601,"Iron ore, concentrate, not iron pyrites,unagglomerate",26.4874267578125,"#330000",3,943.77752686,2228.8170166
96,3207,"Pigment, opacifier, colours etc for ceramics or glass",15.468017578125,"#9c219c",8,1263.09301758,2055.18054199
97,3814,"Organic composite solvents, paint, varnish remover et",15.1435546875,"#730049",6,2125.46728516,2607.51025391
98,407,"Birds eggs, in shell, fresh, preserved or cooked",15.270263671875,"#d1ff00",11,2177.9979248,2226.4765625
99,8902,"Fishing vessels and factory ships",15.0228271484375,"#9c9a87",9,2051.67266846,2764.62475586
100,3913,"Alginic acid, its salts & esters, in primary forms",15.12939453125,"#9c219c",8,1348.66894531,2091.06555176
101,6301,"Electric blankets of textile material",15.310546875,"#33cc00",4,2767.5065918,2508.38378906
102,8458,"Horizontal numerically controlled metal work lathes",16.154296875,"#299fff",2,1510.85888672,2580.62695312
103,8111,"Manganese, articles thereof, waste or scrap",15.08935546875,"#330000",3,2758.41796875,2646.96362305
104,7614,"Aluminium wire, cables, etc, steel core, uninsulated",15.052734375,"#9c9a87",9,2680.49780273,2194.40942383
105,5504,"Staple fibres of viscose rayon, not carded or combed",15.1902465820312,"#9c219c",8,1028.64376831,2075.33435059
106,2934,"Heterocyclic compounds with an unfused thiazole ring",19.188720703125,"#9c219c",8,1089.23046875,2122.96716309
107,2931,"Organo-inorganic compounds, nes",16.056396484375,"#9c219c",8,1132.84204102,2136.58996582
108,8539,"Sealed beam lamp units",17.70556640625,"#299fff",2,1491.17431641,2149.56176758
109,2929,"Isocyanates",15.816162109375,"#299fff",2,1474.375,2207.75537109
110,2926,"Acrylonitrile",15.68701171875,"#9c219c",8,1421.30114746,2095.60778809
111,8904,"Tugs and pusher craft",15.568603515625,"#33cc00",4,2806.10559082,2377.30163574
112,6215,"Ties, bow ties and cravats, of silk, not knit",15.024169921875,"#9c9a87",9,1395.72119141,2832.421875
113,6303,"Curtains drapes blinds valances, cotton, knit",15.411376953125,"#33cc00",4,2629.49206543,2150.85290527
114,6306,"Tarpaulins, awnings and sunblinds, of cotton",15.263671875,"#33cc00",4,2652.15185547,2091.49975586
115,9603,"Brooms/brushes of vegetable material",15.75,"#33cc00",4,2598.15454102,2147.30761719
116,8430,"Pile-drivers and pile-extractors",17.32666015625,"#299fff",2,1632.45715332,1983.21594238
117,6404,"Sports footwear, sole rubber or plastic, upper textil",16.453125,"#33cc00",4,2737.10327148,2560.17089844
118,6505,"Hair-nets of any material",15.406982421875,"#33cc00",4,2728.00695801,2631.08081055
119,6001,"Long pile knit or crochet textile fabric",15.248779296875,"#33cc00",4,2805.43908691,2482.07226562
120,8461,"Metal planing machines",15.327880859375,"#299fff",2,1639.47766113,2828.20214844
121,3304,"Lip make-up preparations",18.77099609375,"#6e451e",5,1705.73571777,2827.17675781
122,8548,"Electrical parts of machinery and apparatus, nes",15.42822265625,"#99ffff",7,1314.45739746,2553.88452148
123,7208,"Hot rolled iron or non-alloy steel, coil,w >600mm, t >10mm, myp 355 mpa",28.004150390625,"#330000",3,2205.0369873,2047.86712646
124,8415,"Air conditioners window/wall types, self-contained",20.153076171875,"#99ffff",7,1359.23583984,2659.89282227
125,9606,"Press-fasteners, snap-fasteners and press-studs, part",15.119873046875,"#33cc00",4,2767.40686035,2536.49780273
126,4002,"Styrene-butadiene rubber (SBR/XSBR) latex",17.94189453125,"#9c219c",8,1377.32836914,2158.64611816
127,1512,"Sunflower-seed or safflower oil, crude",15.983154296875,"#d1ff00",11,2303.30603027,2660.8762207
128,8423,"Personal weighing machines, baby & household scales",15.378662109375,"#99ffff",7,1302.60119629,2483.7565918
129,3603,"Safety or detonating fuses, detonators, igniters",15.039794921875,"#9c9a87",9,2320.52819824,2645.67333984
130,8531,"Burglar or fire alarms and similar apparatus",17.515625,"#99ffff",7,1340.95654297,2563.11157227
131,9503,"Electric trains, train sets, etc",19.57958984375,"#99ffff",7,1199.49707031,2829.61425781
132,8521,"Video recording/reproducing apparatus, magnetic tape",17.521484375,"#99ffff",7,1173.37585449,2729.5012207
133,8525,"Transmission apparatus for radio, telephone and TV",43.57763671875,"#99ffff",7,1087.8079834,2544.99072266
134,9207,"Keyboard instruments electrical/requiring amplifier",15.181884765625,"#99ffff",7,1191.11645508,2468.63330078
135,8507,"Lead-acid electric accumulators (vehicle)",19.291015625,"#99ffff",7,1340.52148438,2699.88208008
136,9506,"Snow-skis and parts",18.131591796875,"#99ffff",7,1284.90246582,2784.90844727
137,9020,"Breathing appliances and gas masks",15.0068359375,"#299fff",2,1475.09448242,2707.37475586
138,8706,"Motor vehicle chassis fitted with engine",15.5458984375,"#299fff",2,1463.734375,2746.65722656
139,8476,"Automatic food-vendors with heating or refrigeration",15.14501953125,"#299fff",2,1504.37634277,2219.14819336
140,3104,"Carnallite, sylvite, crude potassium salts nes, >10kg",18.715087890625,"#330000",3,1534.22680664,2021.23651123
141,4301,"Raw mink furskins, whole",15.2119140625,"#d1ff00",11,1524.94348145,2128.38427734
142,5512,"Woven fabric >85% polyester staple fibre unbl/bleache",15.31591796875,"#33cc00",4,2687.77172852,2619.73046875
143,6403,"Ski footwear, with uppers of leather",22.4775390625,"#33cc00",4,2697.41381836,2468.47973633
144,6302,"Bed linen, of textile knit or crochet materials",17.239990234375,"#33cc00",4,2664.72375488,2464.49853516
145,5516,"Woven fabric <85% artif staple fibres, unbl/bleached",15.162109375,"#33cc00",4,2621.328125,2619.95800781
146,8480,"Boxes, moulding, for metal foundry",17.050048828125,"#299fff",2,1687.36352539,2231.77270508
147,8419,"Instantaneous gas water heaters",20.944580078125,"#299fff",2,1650.6270752,2359.89526367
148,6002,"Knit or crochet fabric, width <30 cm, >5% elastomer",17.642578125,"#33cc00",4,2768.64013672,2464.83666992
149,8537,"Electrical control and distribution boards, < 1kV",19.8756103515625,"#299fff",2,1905.12811279,2307.03393555
150,6112,"Track suits, of cotton, knit",15.446533203125,"#33cc00",4,2570.55944824,2354.35119629
151,6107,"Mens, boys underpants or briefs, of cotton, knit",15.5966796875,"#33cc00",4,2548.87573242,2426.29846191
152,8485,"Ships or boats propellers and blades thereof",16.181884765625,"#299fff",2,1674.99401855,2266.13024902
153,8421,"Cream separators",22.1240234375,"#299fff",2,1577.35107422,2357.34155273
154,5906,"Rubberised textile adhesive tape < 20cm wide",15.037841796875,"#299fff",2,1726.38146973,2117.60400391
155,8467,"Tools for working in the hand, pneumatic rotary type",16.185791015625,"#299fff",2,1627.8560791,2232.00439453
156,8529,"Aerials and aerial reflectors",26.498779296875,"#99ffff",7,1279.65661621,2646.4699707
157,8475,"Machines to assemble electric lamps, glass envelope",15.400390625,"#299fff",2,1549.01525879,2403.77514648
158,3215,"Printing ink, black",16.394775390625,"#9c219c",8,1315.69921875,2179.57897949
159,2910,"Oxirane (ethylene oxide)",15.447509765625,"#9c219c",8,1161.77478027,2169.80517578
160,3702,"Photographic film, rolls, for x-ray",15.4365234375,"#9c219c",8,1167.45776367,2204.01501465
161,8545,"Carbon and graphite furnace electrodes",15.854248046875,"#299fff",2,1703.61486816,2737.46020508
162,2712,"Petroleum jelly",15.622314453125,"#9c9a87",9,1572.57385254,2019.8659668
163,7312,"Stranded steel wire/cable/etc, no electric insulation",15.93798828125,"#299fff",2,2149.21118164,2107.75952148
164,4703,"Chem wood pulp, soda or sulphate, conifer, unbleached",18.9712524414062,"#9c219c",8,1023.63729858,2251.94262695
165,7206,"Iron or non-alloy steel in ingots, <99.94% iron",15.249755859375,"#299fff",2,1563.43493652,2077.12902832
166,7907,"Zinc fabricated building components (gutters,etc)",15.0244140625,"#299fff",2,1988.54455566,2276.11474609
167,8205,"Drilling, threading or tapping tools",15.80810546875,"#299fff",2,1859.64672852,2525.54638672
168,8501,"Electric motors of an output < 37.5 watts",21.466064453125,"#299fff",2,2066.57971191,2322.63183594
169,3926,"Plastic office and school articles and supplies",22.760009765625,"#299fff",2,1848.81982422,2295.46899414
170,7306,"Pipe (oil/gas line) iron or steel nes, diameter <406m",19.15673828125,"#ff0000",12,2294.5300293,2354.03625488
171,7321,"Cooking appliances for gas fuel, etc, iron or steel",16.115234375,"#ff0000",12,2175.0612793,2364.80029297
172,7314,"Woven products of stainless steel",15.646484375,"#299fff",2,2160.99316406,2333.72729492
173,4421,"Clothes hangers of wood",15.675048828125,"#299fff",2,2177.20788574,2329.54077148
174,8455,"Tube mills, metal rolling",16.063232421875,"#299fff",2,1593.67041016,2222.2746582
175,3916,"Monofilament(>1mm), rods, etc, ethylene polymers",15.6953125,"#299fff",2,1719.41772461,2479.85864258
176,4205,"Articles of leather and composition leather, nes",15.1240234375,"#299fff",2,2059.45922852,2280.52392578
177,3908,"Polyamide-6, -11, -12, -6,6, -6,9, -6,10 or -6,12",16.63720703125,"#9c219c",8,1285.25146484,2216.3815918
178,8703,"Automobiles",56.369384765625,"#299fff",2,1929.63781738,2402.33764648
179,2915,"Formic acid",16.767822265625,"#9c219c",8,1357.30053711,2356.08947754
180,8401,"Nuclear reactors",15.658447265625,"#9c219c",8,1328.84899902,2016.89874268
181,3902,"Polypropylene in primary forms",20.137939453125,"#299fff",2,1544.12487793,2224.98925781
182,910,"Ginger",15.091552734375,"#33cc00",4,2722.93884277,2369.73815918
183,6910,"Porcelain bathroom, kitchen & other sanitary fixtures",15.626220703125,"#ff0000",12,2482.66271973,2385.43139648
184,6106,"Womens, girls blouses & shirts, of cotton, knit",15.827392578125,"#33cc00",4,2602.29406738,2438.30322266
185,6103,"Mens, boys suits, of wool, fine animal hair, knit",15.6279296875,"#33cc00",4,2621.69873047,2348.68798828
186,806,"Grapes, fresh",15.970458984375,"#d1ff00",11,2542.09387207,2790.02148438
187,807,"Melons (including watermelons), fresh",15.249267578125,"#bf8845",10,2454.15002441,2588.89257812
188,811,"Strawberries, (uncooked steamed or boiled), frozen",15.348876953125,"#bf8845",10,2436.75134277,2373.30883789
189,813,"Apricots, dried",15.1181640625,"#d1ff00",11,2571.01855469,2795.27270508
190,6809,"Plaster board etc not ornamental, paper reinforced",15.157958984375,"#ff0000",12,2202.42980957,2440.96508789
191,6109,"T-shirts, singlets and other vests, of cotton, knit",19.792724609375,"#33cc00",4,2647.3145752,2365.28833008
192,6108,"Womens, girls slips or petticoats, manmade fibre knit",16.50048828125,"#33cc00",4,2605.69213867,2385.23681641
193,4409,"Coniferous wood continuously shaped along any edges",15.68212890625,"#330000",3,2242.44604492,2190.52429199
194,1507,"Soya-bean oil crude, whether or not degummed",16.77880859375,"#d1ff00",11,2699.18286133,2794.43481445
195,809,"Apricots, fresh",15.493896484375,"#d1ff00",11,2601.34680176,2754.6472168
196,705,"Cabbage lettuce (head lettuce) fresh or chilled",15.1728515625,"#d1ff00",11,2668.2578125,2788.95141602
197,713,"Peas dried, shelled",15.916015625,"#d1ff00",11,2494.01660156,2720.20922852
198,710,"Potatoes, frozen, uncooked steamed or boiled",15.658447265625,"#d1ff00",11,2571.07189941,2666.2409668
199,810,"Strawberries, fresh",15.922119140625,"#bf8845",10,2500.56164551,2601.01855469
200,708,"Peas, shelled or unshelled, fresh or chilled",15.018310546875,"#bf8845",10,2508.74694824,2568.60449219
201,1509,"Olive oil, virgin",15.772705078125,"#d1ff00",11,2694.05236816,2831.49975586
202,1516,"Animal fats, oils, fractions, hydrogenated, esterifie",15.52880859375,"#bf8845",10,2437.89233398,2599.0045166
203,803,"Bananas, including plantains, fresh or dried",16.4197998046875,"#d1ff00",11,2040.88775635,2936.25024414
204,714,"Manioc (cassava), fresh or dried",15.05615234375,"#d1ff00",11,2002.15673828,2966.80664062
205,1517,"Margarine, except liquid margarine",15.66748046875,"#bf8845",10,2433.59838867,2535.20629883
206,7412,"Pipe & tube fittings, of refined copper",15.477294921875,"#299fff",2,1567.91101074,2768.5078125
207,8516,"Electric instant, storage and immersion water heaters",20.391845703125,"#299fff",2,1531.95080566,2749.48413086
208,8201,"Spades and shovels",15.048583984375,"#9c9a87",9,2535.02844238,2163.14599609
209,8204,"Wrenches, hand-operated, with non-adjustable jaws",15.2021484375,"#299fff",2,1577.37854004,2652.62878418
210,8448,"Dobbies, Jacquards, etc for spinning machines & looms",15.548095703125,"#299fff",2,1647.45593262,2696.21191406
211,8535,"Electrical fuses, for voltage > 1kV",16.2276611328125,"#299fff",2,2045.85540771,2306.16552734
212,7228,"Bar/rod of high speed steel not in coils",17.25390625,"#299fff",2,2211.03393555,2116.93225098
213,7223,"Wire of stainless steel",15.184814453125,"#299fff",2,1620.1541748,2674.26293945
214,8711,"Motorcycles, spark ignition engine of < 50 cc",18.18408203125,"#0576a6",1,1359.36352539,2857.5793457
215,7317,"Nails/staples/etc, iron/steel, not office stationary",15.28759765625,"#9c9a87",9,2525.59790039,2075.55444336
216,2604,"Nickel ores and concentrates",15.336181640625,"#330000",3,1071.39831543,2390.4597168
217,7501,"Nickel mattes",16.22216796875,"#330000",3,1038.80627441,2371.19433594
218,2616,"Silver ores and concentrates",15.33447265625,"#330000",3,2310.62426758,1758.42285156
219,7403,"Copper cathodes and sections of cathodes unwrought",23.750244140625,"#330000",3,2213.83679199,1803.8626709
220,2606,"Aluminium ores and concentrates",15.29345703125,"#330000",3,1782.1796875,2831.41967773
221,2818,"Artificial corundum",17.997802734375,"#330000",3,1748.72619629,2760.13500977
222,7502,"Nickel unwrought, not alloyed",17.73486328125,"#330000",3,1112.45690918,2426.57177734
223,2605,"Cobalt ores and concentrates",15.060302734375,"#330000",3,1048.68920898,2483.48486328
224,3918,"Floor, wall, ceiling cover, roll, tile, vinyl chlorid",15.4951171875,"#9c9a87",9,1411.98205566,2162.74682617
225,3904,"Polyvinyl chloride in primary forms",17.50830078125,"#299fff",2,1669.08837891,2085.20214844
226,2608,"Zinc ores and concentrates",15.820068359375,"#330000",3,2512.21984863,2910.43884277
227,2610,"Chromium ores and concentrates",15.317626953125,"#330000",3,1465.07751465,2100.6048584
228,7005,"Float glass etc sheets, absorbent or reflecting layer",15.84375,"#299fff",2,2168.078125,2173.78955078
229,5902,"Tyre cord fabric of nylon, polyamides",15.2861328125,"#299fff",2,2147.79248047,2163.4609375
230,8212,"Razors including safety razors, open blade razors",15.453125,"#9c219c",8,1416.77307129,2125.58007812
231,6309,"Worn clothing and other worn articles",15.2216796875,"#9c9a87",9,2160.48608398,2611.50830078
232,1701,"Raw sugar, cane",17.949462890625,"#d1ff00",11,2495.4864502,2192.30761719
233,1702,"Lactose and lactose syrup",15.633544921875,"#d1ff00",11,1827.02416992,2707.4465332
234,9303,"Muzzle-loading firearms",15.011474609375,"#299fff",2,1475.82397461,2485.32006836
235,2933,"Phenazone (antipyrin), derivatives",23.9208984375,"#9c219c",8,1217.76977539,2041.29858398
236,8202,"Hand saws",15.384765625,"#299fff",2,1505.66540527,2493.67333984
237,8416,"Furnace burners for liquid fuel",15.28857421875,"#299fff",2,1514.2800293,2317.41748047
238,2921,"Methylamine, di- or trimethylamine, salts",16.5843505859375,"#9c219c",8,1194.05706787,2081.88085938
239,5603,"Nonwovens textiles except felt",16.4886474609375,"#730049",6,1947.13409424,2449.05786133
240,2920,"Thiophosphoric esters(phosphorothioates),salts,derivs",15.039794921875,"#9c219c",8,1241.31311035,2073.44641113
241,2925,"Saccharin, salts",15.03466796875,"#9c219c",8,1241.22558594,2096.57470703
242,2935,"Sulphonamides in bulk",15.460205078125,"#9c219c",8,1220.30078125,2086.91247559
243,2936,"Provitamins, unmixed",16.00244140625,"#9c219c",8,1284.97290039,2188.08935547
244,2912,"Methanal (formaldehyde)",15.149658203125,"#9c219c",8,1259.62817383,2109.04760742
245,9025,"Thermometers, liquid-filled",15.393310546875,"#299fff",2,1534.84057617,2243.29516602
246,8203,"Files, rasps and similar tools",15.134033203125,"#299fff",2,1873.47436523,2638.52661133
247,8104,"Magnesium unwrought > 99.8% pure",15.2587890625,"#330000",3,1654.55541992,2900.24987793
248,8102,"Molybdenum, powder",15.13134765625,"#9c9a87",9,1612.82409668,2913.05786133
249,8303,"Safes/strong-boxes etc, of base metal",15.0037841796875,"#299fff",2,1805.05352783,2695.58764648
250,8715,"Baby carriages and parts thereof",15.148681640625,"#9c9a87",9,2810.6751709,2739.05834961
251,5208,"Plain weave cotton, >85% <100 g/m2, unbleached",16.898681640625,"#33cc00",4,2711.78918457,2588.63012695
252,8209,"Tool plates/tips/etc, sintered metal carbide & cermet",15.79345703125,"#299fff",2,1472.09460449,2164.14794922
253,9612,"Typewriter or similar ribbons",15.11767578125,"#99ffff",7,1248.06616211,2455.52783203
254,8510,"Shavers, with self-contained electric motor",15.332763671875,"#299fff",2,1701.63354492,2051.28259277
255,8305,"Office binder/file fittings, of base metal",15.009765625,"#299fff",2,1699.35534668,2145.03979492
256,7615,"Aluminium table/kitchen/household articles, scourers",15.369873046875,"#33cc00",4,2598.33044434,2548.16967773
257,5503,"Staple fibres of nylon, polyamides, not carded, combe",15.852294921875,"#299fff",2,2184.10778809,2125.76586914
258,805,"Oranges, fresh or dried",16.502197265625,"#d1ff00",11,2550.5111084,2913.75219727
259,9026,"Equipment to measure or check liquid flow or level",17.1982421875,"#299fff",2,1427.73999023,2347.10351562
260,302,"Trout, fresh or chilled, whole",16.506591796875,"#d1ff00",11,2106.23034668,2843.02587891
261,2916,"Acrylic acid, salts",16.1044921875,"#9c219c",8,1204.59997559,2318.6472168
262,2505,"Silica sands and quartz sands",15.12744140625,"#330000",3,2687.80493164,2745.95263672
263,706,"Carrots and turnips, fresh or chilled",15.051513671875,"#d1ff00",11,2668.2557373,2827.03955078
264,707,"Cucumbers and gherkins, fresh or chilled",15.127197265625,"#d1ff00",11,2618.56677246,2901.890625
265,602,"Cuttings and slips, not rooted",15.96435546875,"#d1ff00",11,2653.63696289,2900.6315918
266,603,"Cut flowers and flower buds for bouquets, etc., fresh",16.002685546875,"#d1ff00",11,2901.49963379,2107.95336914
267,409,"Honey, natural",15.031005859375,"#d1ff00",11,2585.08679199,2111.05578613
268,601,"Bulbs, tubers, corms, crowns and rhizomes, dormant",15.07421875,"#d1ff00",11,2059.96704102,2840.50927734
269,2515,"Marble and travertine, crude or roughly trimmed",15.125,"#330000",3,2468.30371094,2869.84814453
270,5705,"Carpets and textile floor coverings, nes",15.006103515625,"#9c9a87",9,2430.33435059,2922.87548828
271,1511,"Palm oil, crude",19.248779296875,"#d1ff00",11,2884.43322754,2173.9041748
272,701,"Potatoes seed, fresh or chilled",15.400634765625,"#d1ff00",11,2448.79602051,2898.68579102
273,1604,"Salmon prepared or preserved, not minced",16.876708984375,"#d1ff00",11,2182.65710449,2822.85473633
274,307,"Oysters",16.112060546875,"#d1ff00",11,2140.40563965,2862.32202148
275,1601,"Sausages, similar products of meat, meat offal & bloo",15.39306640625,"#730049",6,2221.88061523,2421.59423828
276,5608,"Made up fishing nets, of manmade textile materials",15.008056640625,"#d1ff00",11,2174.98059082,2853.77758789
277,2103,"Soya sauce",16.07666015625,"#730049",6,2228.9909668,2458.92651367
278,1602,"Homogenized preparations of meat and meat offal",16.76025390625,"#730049",6,2268.47387695,2494.5559082
279,2309,"Dog or cat food (retail)",17.62109375,"#730049",6,2244.13208008,2514.90185547
280,2105,"Ice cream and other edible ice",15.29150390625,"#730049",6,2276.3527832,2466.43041992
281,3208,"Polyester based paints, varnishes, non-aqueous medium",16.799560546875,"#730049",6,2083.95397949,2483.36425781
282,2716,"Electrical energy",21.436767578125,"#9c9a87",9,2309.44714355,2553.49462891
283,1515,"Linseed oil, crude",15.445068359375,"#d1ff00",11,2664.79553223,2688.95483398
284,9031,"Machines for balancing mechanical parts, nes",19.13818359375,"#99ffff",7,1342.76513672,2456.54077148
285,3206,"Pigments and preparations based on titanium dioxide",16.400146484375,"#299fff",2,1476.70690918,2245.41040039
286,4805,"Paper, fluting, in rolls, semi-chemical, uncoated",16.294677734375,"#ff0000",12,2193.44006348,2422.6484375
287,4401,"Fuel wood",15.6669921875,"#ff0000",12,2234.41137695,2332.1730957
288,4408,"Veneer or ply sheet, coniferous (softwood) <6 mm thic",15.41259765625,"#330000",3,2271.22314453,2227.71447754
289,4403,"Poles, treated or painted with preservatives",17.099365234375,"#330000",3,2292.58044434,2191.45812988
290,8607,"Railway & tramway driving bogies  & bissel-bogies",16.5970458984375,"#299fff",2,1895.40032959,2535.3918457
291,8530,"Electric signal, safety & traffic controls, railway",15.22216796875,"#299fff",2,1878.88842773,2418.21948242
292,7222,"Stainless steel bar nfw than hot rolled/drawn/extrude",15.998779296875,"#299fff",2,1561.13439941,2538.21704102
293,7225,"Flat rolled silicon-electrical steel, width >600mm",18.745849609375,"#299fff",2,1501.09875488,2367.19165039
294,7219,"Hot rolled stainless steel coil, w >600mm, t >10mm",20,"#299fff",2,1428.14025879,2188.84790039
295,7221,"Bar or rod, stainless steel, hot rolled, coiled",15.22509765625,"#299fff",2,1430.89331055,2576.38317871
296,7204,"Waste or scrap, of cast iron",23.237548828125,"#330000",3,2422.08898926,2277.27478027
297,7216,"Sections, U/I/H, iron or non-alloy steel, nfw than hot formed <80mm",18.578369140625,"#299fff",2,2203.9119873,2246.86962891
298,8450,"Automatic washing machines, of a dry capacity < 10 kg",16.99462890625,"#299fff",2,1556.63366699,2603.56396484
299,7013,"Glass-ceramic ware for table kitchen, etc",16.072265625,"#299fff",2,2088.84912109,2138.81225586
300,8465,"Multi-purpose machines for wood etc work",16.2091064453125,"#299fff",2,1888.56365967,2352.54858398
301,8409,"Parts for spark-ignition aircraft engines",24.2998046875,"#299fff",2,1693.41333008,2412.24609375
302,2101,"Coffee extracts, essences, concentrates, preparations",15.766357421875,"#ff0000",12,2378.23864746,2257.578125
303,2201,"Mineral and aerated waters not sweetened or flavoured",15.34375,"#730049",6,2090.70019531,2557.77807617
304,2003,"Mushrooms, prepared or preserved, not in vinegar",15.030029296875,"#9c219c",8,1053.69348145,2231.67773438
305,2401,"Tobacco, unmanufactured, not stemmed or stripped",16.46337890625,"#bf8845",10,2545.7253418,2560.859375
306,3924,"Plastic table and kitchen ware",16.63525390625,"#9c9a87",9,2832.04956055,2425.31933594
307,6802,"Stone mosaic tiles, artificial coloured chips etc",16.4208984375,"#330000",3,2487.76489258,2823.7980957
308,1804,"Cocoa butter, fat, oil",15.529541015625,"#d1ff00",11,2813.57336426,2203.05639648
309,1902,"Uncooked egg pasta not stuffed or prepared",15.91552734375,"#9c9a87",9,2884.40893555,2396.3371582
310,2907,"Phenol (hdroxybenzene), salts",16.03564453125,"#9c219c",8,1260.94421387,2194.68701172
311,3701,"X-ray plates and films",15.785400390625,"#9c219c",8,1201.78759766,2205.19116211
312,7220,"Hot rolled stainless steel sheet, w <600mm, t >4.75 m",15.728515625,"#299fff",2,1409.9498291,2218.47167969
313,3906,"Polymethyl methacrylate, in primary forms",16.649658203125,"#9c219c",8,1252.21533203,2163.69116211
314,3707,"Sensitising emulsions",15.774169921875,"#9c219c",8,1179.74255371,2147.02270508
315,2903,"Chloromethane and chloroethane",16.2398681640625,"#9c219c",8,1202.41363525,2133.24450684
316,2203,"Beer made from malt",16.5494384765625,"#730049",6,1970.24871826,2639.41699219
317,2207,"Undenatured ethyl alcohol > 80% by volume",15.94287109375,"#730049",6,1936.73547363,2579.53735352
318,7507,"Tubes and pipe, nickel, not alloyed",15.005615234375,"#299fff",2,1372.02026367,2296.23986816
319,8108,"Titanium, unwrought, waste or scrap, powders",15.681396484375,"#330000",3,1252.05895996,2299.84228516
320,9024,"Machines for testing mechanical properties of metals",15.185302734375,"#299fff",2,1472.49645996,2289.00488281
321,3911,"Petroleum resins, coumarone, indene, polyterpenes",15.64990234375,"#9c219c",8,1212.9855957,2172.08825684
322,8427,"Self-propelled works trucks, electric motor",17.332763671875,"#299fff",2,1371.2890625,2226.79418945
323,8524,"Recorded gramophone records",19.267578125,"#9c219c",8,1395.15454102,2254.58911133
324,7002,"Glass balls except microspheres < 1mm diameter",15.0810546875,"#9c219c",8,1214.0670166,2230.45336914
325,7506,"Plates, sheet, strip and foil, nickel, not alloyed",15.105712890625,"#9c219c",8,1268.45446777,2250.61157227
326,5502,"Artificial filament tow",15.188720703125,"#9c219c",8,1182.66772461,2260.12573242
327,3910,"Silicones in primary forms",15.77001953125,"#9c219c",8,1228.62585449,2199.56396484
328,105,"Fowls, live domestic < 185 grams",15.164794921875,"#d1ff00",11,2217.38977051,2603.90161133
329,1209,"Seed, sugar beet, for sowing",15.6474609375,"#bf8845",10,2515.21313477,2648.60461426
330,3922,"Baths, shower-baths and wash basins, of plastics",15.42919921875,"#ff0000",12,2079.51953125,2392.30175781
331,8506,"Manganese dioxide primary cell/battery volume < 300 c",15.908447265625,"#9c219c",8,1122.62097168,2216.28149414
332,4014,"Sheath contraceptives",15.02587890625,"#9c219c",8,1357.88562012,2383.37036133
333,3204,"Disperse dyes and preparations based thereon",16.79052734375,"#9c219c",8,1126.19042969,2237.99902344
334,7303,"Tubes, pipes and hollow profiles, of cast iron",15.222900390625,"#9c9a87",9,2438.13586426,2863.49829102
335,7117,"Cuff-links and studs of base metal, plated or not",15.678955078125,"#9c219c",8,1186.63024902,2433.90380859
336,2922,"Monoethanolmine, salts",17.177978515625,"#9c219c",8,1196.71044922,1981.1673584
337,2917,"Oxalic acid, its salts & esters",17.62109375,"#9c219c",8,1129.8458252,2190.29443359
338,3812,"Prepared rubber accelerators",15.4906005859375,"#9c219c",8,1203.71075439,2446.93774414
339,9105,"Alarm clocks, battery or mains powered",15.02294921875,"#0576a6",1,1416.52185059,2722.78613281
340,6601,"Garden and similar umbrellas",15.172119140625,"#9c9a87",9,1436.0234375,2759.84399414
341,7020,"Articles of glass, nes",15.244140625,"#99ffff",7,1361.99145508,2699.45166016
342,6506,"Safety headgear",15.201904296875,"#99ffff",7,1358.80712891,2729.68237305
343,6801,"Stone setts, curbstones, flagstones (except slate)",15.09375,"#330000",3,2461.75170898,2846.35253906
344,9505,"Articles for Christmas festivities",15.60009765625,"#6e451e",5,2807.61010742,2825.11645508
345,6704,"Complete wigs of synthetic textile materials",15.05126953125,"#6e451e",5,2821.97216797,2870.65380859
346,6702,"Artificial flowers foliage fruit, articles, plastic",15.07861328125,"#6e451e",5,2859.9362793,2825.59521484
347,9706,"Antiques older than one hundred years",15.294921875,"#9c9a87",9,2479.1784668,2766.10058594
348,3920,"Sheet/film not cellular/reinf polymers of ethylene",21.8472900390625,"#730049",6,2028.89031982,2445.90429688
349,1107,"Malt, not roasted",15.509521484375,"#d1ff00",11,1959.56384277,2614.46118164
350,5607,"Twine, cordage, ropes and cables, of jute, bast fibre",15.131103515625,"#ff0000",12,2369.74060059,2209.51293945
351,5701,"Carpets of wool or fine animal hair, knotted",15.08154296875,"#6e451e",5,1966.88537598,1869.17541504
352,8604,"Railway maintenance-of-way service vehicles",15.000244140625,"#299fff",2,1568.97180176,2896.078125
353,8215,"Cutlery sets plated with precious metal",15.18017578125,"#33cc00",4,2768.48681641,2745.20849609
354,8405,"Producer, water and acetylene gas generators",15.032958984375,"#299fff",2,1652.57617188,2200.1262207
355,8404,"Auxiliary plant for steam/vapour generating boilers",15.208251953125,"#299fff",2,1948.44567871,2197.96655273
356,8463,"Draw-benches for bars, tubes, profiles wire etc",15.210205078125,"#299fff",2,1811.94152832,2198.05004883
357,6102,"Womens, girls overcoats, etc, of wool or hair, knit",15.237060546875,"#33cc00",4,2559.62512207,2446.55883789
358,5509,"Yarn >85% nylon, etc staple fibres, single, not retai",15.599853515625,"#33cc00",4,2581.08679199,2466.87182617
359,5309,"Woven fabric, >85% flax, unbleached or bleached",15.0255126953125,"#299fff",2,1783.55767822,2173.46875
360,5903,"Fabric impregnated, coated, covered with pvc plastic",16.084716796875,"#299fff",2,1718.58740234,2209.01635742
361,5401,"Sewing thread of synthetic filaments",15.020751953125,"#33cc00",4,2718.94665527,2459.60522461
362,5806,"Woven pile fabric and narrow chenille fabric",15.295166015625,"#33cc00",4,2759.17492676,2430.11816406
363,5211,"Plain weave cotton, <85% +manmade fibre, >200g/m2 unb",15.15283203125,"#33cc00",4,2705.8737793,2517.66845703
364,5513,"Woven plain >85% polyester+cotton, <170g/m2 unbl/blch",15.2939453125,"#33cc00",4,2692.54272461,2568.57531738
365,5514,"Woven plain >85% polyester+cotton, >170g/m2 unbl/blch",15.101318359375,"#33cc00",4,2666.43859863,2563.63378906
366,5807,"Label, badge, etc, of woven textile not embroidered",15.01416015625,"#33cc00",4,2744.00610352,2503.04443359
367,8441,"Cutting machines for paper pulp, paper or paperboard",15.772216796875,"#299fff",2,1532.01660156,2306.72290039
368,8308,"Hooks, eyes, eyelets, for clothing, footwear, bags et",15.22998046875,"#299fff",2,1664.2668457,2393.85888672
369,7211,"Hot box roll iron or non-alloy steel, flat, w 150-600mm, t >4mm, myp>35",15.888427734375,"#299fff",2,1840.12915039,2523.73095703
370,6914,"Articles of porcelain or china nes",15.02880859375,"#330000",3,2490.35083008,2861.91430664
371,7304,"Pipes, line, iron or steel, for oil or gas pipelines",21.489501953125,"#299fff",2,1588.24938965,2270.77954102
372,3914,"Ion exchangers based on polymers in primary forms",15.04296875,"#299fff",2,1544.42468262,2279.82104492
373,3905,"Polyvinyl acetate, in aqueous dispersion, primary for",15.61181640625,"#9c219c",8,1126.67346191,2261.61621094
374,8462,"Machine tools to forge, stamp, hammer or press metals",16.647216796875,"#299fff",2,1797.55932617,2299.2734375
375,7322,"Radiators and parts thereof, cast iron",15.457763671875,"#299fff",2,1849.0715332,2436.76757812
376,8503,"Parts for electric motors and generators",17.824951171875,"#299fff",2,1919.30273438,2268.20654297
377,8483,"Transmission shafts and cranks, cam and crank shafts",22.047607421875,"#299fff",2,1599.97705078,2298.97509766
378,8708,"Bumpers and parts thereof for motor vehicles",52.724609375,"#299fff",2,1818.89538574,2399.51416016
379,8547,"Electrical insulating fittings of ceramics",15.501708984375,"#299fff",2,1634.10400391,2267.38867188
380,3006,"Suture materials, sterile surgical and dental goods",16.51708984375,"#9c219c",8,1365.35961914,2269.8828125
381,3919,"Self-adhesive plastic, rolls <20cm wide",17.0863037109375,"#9c219c",8,1389.74517822,2200.65405273
382,4817,"Envelopes of paper",15.03076171875,"#ff0000",12,2110.94482422,2430.99291992
383,9033,"Parts/accessories nes for optical/electric instrument",15.196044921875,"#299fff",2,1708.08459473,2255.14672852
384,9028,"Gas supply/production/calibration meters",15.60693359375,"#299fff",2,2076.40405273,2248.49267578
385,8526,"Radar apparatus",17.4873046875,"#99ffff",7,1274.10009766,2477.18481445
386,8527,"Radio receivers, portable, with sound reproduce/recor",17.77294921875,"#99ffff",7,1229.97180176,2767.95483398
387,9002,"Objective lenses for cameras, projectors, etc",16.2392578125,"#99ffff",7,1196.18103027,2693.47314453
388,8472,"Office duplicating machines",15.779296875,"#99ffff",7,1267.74633789,2666.89794922
389,9001,"Optical fibres, except for telecommunications",18.375,"#99ffff",7,1205.7611084,2491.96435547
390,8001,"Tin not alloyed unwrought",15.62451171875,"#9c9a87",9,1170.48217773,1919.89892578
391,8502,"Generating sets, diesel, output < 75 kVA",19.06591796875,"#299fff",2,1655.42883301,2244.8972168
392,8482,"Bearings, ball",19.47021484375,"#299fff",2,1725.9432373,2349.79956055
393,6207,"Mens, boys underpants or briefs, of cotton, not knit",15.091552734375,"#33cc00",4,2624.95739746,2479.88647461
394,2924,"Acyclic amides, derivatives, salts thereof",15.9287109375,"#9c219c",8,1137.24169922,1988.74108887
395,808,"Apples, fresh",16.1357421875,"#d1ff00",11,2584.48852539,2823.49475098
396,709,"Globe artichokes, fresh or chilled",16.354248046875,"#bf8845",10,2452.15002441,2479.33056641
397,703,"Onions and shallots, fresh or chilled",15.408447265625,"#d1ff00",11,2561.06652832,2747.97924805
398,712,"Potatoes, dried, not further prepared",15.14990234375,"#d1ff00",11,2590.02270508,2724.17382812
399,2008,"Ground-nuts otherwise prepared or preserved",16.428955078125,"#bf8845",10,2473.92590332,2463.9753418
400,2202,"Beverage waters, sweetened or flavoured",16.956298828125,"#bf8845",10,2393.05603027,2387.99938965
401,1905,"Crispbread",18.3271484375,"#bf8845",10,2404.13208008,2431.47949219
402,2005,"Homogenized vegetable preparations, not frozen/vinega",16.125,"#bf8845",10,2462.69824219,2435.73596191
403,8445,"Textile fibre carding machines",15.4404296875,"#299fff",2,1650.5892334,2789.59326172
404,9006,"Cameras for preparing printing plates or cylinders",15.46875,"#99ffff",7,1313.32763672,2588.55810547
405,8456,"Laser, light and photon beam process machine tools",15.60302734375,"#9c219c",8,1392.90209961,2439.78198242
406,8457,"Machining centres, for working metal",16.311279296875,"#299fff",2,1614.0859375,2789.03930664
407,8523,"Unrecorded magnetic tapes, width < 4 mm",19.11962890625,"#99ffff",7,1248.75891113,2557.51879883
408,8471,"Analogue or hybrid computers",52.763916015625,"#99ffff",7,1122.02392578,2607.70263672
409,8543,"Particle accelerators",19.041748046875,"#99ffff",7,1292.00622559,2520.00146484
410,8533,"Electrical resistors, fixed carbon",16.084228515625,"#99ffff",7,1273.11791992,2576.63647461
411,1212,"Locust beans, locust seeds",15.0302734375,"#d1ff00",11,2859.83251953,2707.27709961
412,5201,"Cotton, not carded or combed",16.643310546875,"#33cc00",4,2842.69616699,2599.17504883
413,1201,"Soya beans",20.3798828125,"#d1ff00",11,1487.64221191,2605.93652344
414,2304,"Soya-bean oil-cake and other solid residues",18.098876953125,"#d1ff00",11,1485.97521973,2574.68310547
415,8517,"Telephone sets",42.854736328125,"#99ffff",7,1146.09484863,2541.33862305
416,9108,"Assembled battery watch movement, mechanical display",15.014892578125,"#0576a6",1,1391.82653809,2704.90283203
417,1103,"Wheat meal",15.0244140625,"#730049",6,2146.31201172,2602.41650391
418,1104,"Barley, rolled or flaked grains",15.000244140625,"#bf8845",10,2411.44885254,2536.29492188
419,7212,"Flat rolled iron or non-alloy steel, width <600mm, plated with tin",15.57177734375,"#299fff",2,1797.85900879,2571.10986328
420,3818,"Chemical element/compound wafers doped for electronic",17.006103515625,"#99ffff",7,1118.65576172,2737.10400391
421,3811,"Anti-knock preparations based on lead compounds",16.4051513671875,"#9c219c",8,1128.11334229,2095.97351074
422,4814,"Wallpaper Ingrain",15.107177734375,"#9c219c",8,1057.3359375,2029.99243164
423,3809,"Finishing agents & dye carriers, amylaceous",15.4071044921875,"#299fff",2,1850.4208374,2625.03857422
424,3810,"Metal pickling preps, solder and brazing flux, etc.",15.078857421875,"#299fff",2,1706.03234863,2085.48693848
425,9005,"Binoculars",15.0185546875,"#99ffff",7,1168.69091797,2793.22485352
426,8101,"Powders, tungsten (wolfram)",15.002685546875,"#99ffff",7,1152.6315918,2820.11254883
427,7607,"Foil, aluminium, not backed, rolled but nfw, < 0.2mm",16.56103515625,"#299fff",2,1915.47290039,2557.74462891
428,8606,"Railway tank cars",15.608154296875,"#299fff",2,1891.45214844,2669.14111328
429,7601,"Aluminium unwrought, not alloyed",23.620361328125,"#299fff",2,1882.67956543,2733.16479492
430,7413,"Stranded copper wire/cable/plaits/etc, uninsulated",15.101318359375,"#299fff",2,1747.20056152,2823.48608398
431,8478,"Machinery for preparing or making up tobacco",15.147705078125,"#299fff",2,1573.65283203,2814.31762695
432,7409,"Plate, sheet, strip, refined copper, coil, t > 0.15mm",16.4871826171875,"#299fff",2,1441.75006104,2453.98413086
433,7407,"Bars, rods & profiles of refined copper",15.952880859375,"#330000",3,2252.08288574,1920.69604492
434,7402,"Unrefined copper, copper anodes, electrolytic refinin",16.016357421875,"#330000",3,2246.59875488,1853.86730957
435,1519,"Stearic acid",15.8994140625,"#9c219c",8,1059.58532715,2313.94262695
436,1520,"Glycerol (glycerine), crude and glycerol waters & lye",15.053955078125,"#9c219c",8,1070.0513916,2275.02441406
437,3802,"Activated carbon",15.104736328125,"#9c219c",8,1107.95202637,2291.24169922
438,3806,"Rosin and resin acids",15.060546875,"#9c219c",8,1047.21716309,2265.83081055
439,2703,"Peat (including peat litter)",15.003173828125,"#d1ff00",11,1529.64111328,2078.98291016
440,2704,"Coke, semi-coke of coal, lignite, peat & retort carbo",17.00048828125,"#330000",3,1754.1986084,2694.59655762
441,1518,"Processed animal, vegetable oils, industrial preps ne",15.148193359375,"#0576a6",1,1386.20959473,2870.50366211
442,8714,"Motorcycle saddles",17.160888671875,"#0576a6",1,1374.91809082,2820.51928711
443,2620,"Ash or residues containing hard zinc spelter",15.4208984375,"#9c9a87",9,1913.39404297,2729.08984375
444,7218,"Ingots and other primary forms, stainless steel",15.316162109375,"#299fff",2,1450.97583008,2157.51416016
445,2701,"Anthracite, not agglomerated",32.0740966796875,"#330000",3,1817.72528076,2808.66357422
446,7606,"Pure aluminium rectangular plate/sheet/strip, t >0.2m",19.1829833984375,"#299fff",2,1909.7567749,2670.44213867
447,2613,"Molybdenum concentrates, roasted",16.27783203125,"#330000",3,1106.0670166,2388.14160156
448,2614,"Titanium ores and concentrates",15.0819091796875,"#330000",3,1462.27191162,2133.57495117
449,2615,"Zirconium ores and concentrates",15.075927734375,"#330000",3,1490.50366211,2109.73876953
450,2844,"Natural uranium, its compounds, mixtures",17.791015625,"#330000",3,1147.5880127,2398.62915039
451,4013,"Inner tubes of rubber for motor vehicles",15.0245361328125,"#9c9a87",9,2052.10369873,2080.18432617
452,2937,"Pituitary anterior hormones and derivatives, in bulk",16.439697265625,"#9c219c",8,1299.64501953,2115.89147949
453,9021,"Artificial joints",20.481201171875,"#9c219c",8,1277.5637207,2137.58447266
454,9027,"Gas/smoke analysis apparatus",19.103271484375,"#9c219c",8,1336.43969727,2205.97509766
455,4012,"Retreaded tyres",15.177001953125,"#299fff",2,2210.44445801,2285.44995117
456,8442,"Photo-typesetting and composing machines",15.2552490234375,"#99ffff",7,1304.49554443,2454.51708984
457,3002,"Antisera and other blood fractions",24.2490234375,"#9c219c",8,1287.09692383,2301.06152344
458,4911,"Trade advertising material, catalogues etc.",16.674072265625,"#ff0000",12,2037.53015137,2414.63964844
459,3003,"Penicillins or streptomycins and derivatives, in bulk",16.3175048828125,"#730049",6,2006.53765869,2478.69287109
460,3307,"Pre-shave, shaving and after shaving preparations",16.3050537109375,"#730049",6,1982.60064697,2446.70288086
461,3004,"Penicillins and streptomycins, derivs, in dosage",52.8056640625,"#730049",6,1969.56079102,2505.359375
462,7323,"Iron or steel wool, pot scourers, etc, iron or steel",16.1494140625,"#33cc00",4,2745.92041016,2703.75927734
463,5601,"Sanitary towels, diapers and similar articles",15.223388671875,"#299fff",2,2347.45495605,2156.41772461
464,6913,"Statuettes & ornamental articles of porcelain or chin",15.100341796875,"#9c9a87",9,2027.97094727,1992.1751709
465,8712,"Bicycles, other cycles, not motorized",15.916015625,"#299fff",2,2069.26074219,2013.53131104
466,5702,"Hand made rugs including Kelem,Schumacks,Karamanie,et",15.394287109375,"#9c9a87",9,2431.79699707,2824.8182373
467,6908,"Glazed ceramic mosaic tiles, cubes & similar <7cm wid",16.621826171875,"#330000",3,2457.8963623,2821.03125
468,8519,"Coin or disc-operated record-players",16.119140625,"#99ffff",7,1150.07324219,2672.20727539
469,8705,"Mobile cranes",17.309814453125,"#299fff",2,2137.0880127,2244.86450195
470,8470,"Electronic calculators operable with internal power",15.6142578125,"#99ffff",7,1232.92126465,2833.70153809
471,8509,"Domestic vacuum cleaners",17.117431640625,"#99ffff",7,1082.0760498,2632.42480469
472,5801,"Woven pile fabric of wool or fine animal hair, w >30c",15.314208984375,"#33cc00",4,2753.94470215,2787.2512207
473,8508,"Drills, hand-held, with self-contained electric motor",16.78955078125,"#299fff",2,1628.45227051,2165.48632812
474,9011,"Stereoscopic microscopes",15.111572265625,"#299fff",2,1687.10913086,2852.48632812
475,3907,"Polyacetals, in primary forms",22.1787109375,"#99ffff",7,1306.32165527,2785.22607422
476,8452,"Household type sewing machines",15.509765625,"#299fff",2,1776.73498535,2195.63354492
477,8460,"Num controlled surface grinders, accurate to 0.01mm",15.572265625,"#299fff",2,1628.74255371,2715.8918457
478,3903,"Polystyrene, expansible in primary forms",18.43115234375,"#99ffff",7,1309.80065918,2734.46606445
479,8428,"Lifts and skip hoists",18.72119140625,"#299fff",2,1894.91711426,2446.95629883
480,9022,"Medical X-ray apparatus",17.781494140625,"#9c219c",8,1239.28967285,2235.59033203
481,7008,"Multiple-walled insulating units of glass",15.0367431640625,"#299fff",2,1911.83953857,2469.76806641
482,6114,"Garments nes, of wool or fine animal hair, knit",15.486083984375,"#33cc00",4,2669.45422363,2437.38989258
483,8544,"Insulated winding wire of copper",29.485595703125,"#ff0000",12,2488.06140137,2422.69226074
484,9403,"Office furniture, metal, nes",26.191650390625,"#ff0000",12,2310.63024902,2423.34423828
485,2932,"Tetrahydrofuran",15.88818359375,"#9c219c",8,1200.52392578,2106.18139648
486,2104,"Soups and broths and preparations thereof",15.2685546875,"#bf8845",10,2375.06835938,2478.17773438
487,2007,"Homogenised jams, jellies, etc",15.185302734375,"#bf8845",10,2403.70373535,2461.48242188
488,1904,"Cereal foods obtained by swelling, roasting of cereal",15.568603515625,"#730049",6,2208.07678223,2508.37280273
489,7604,"Bars, rods and profiles, aluminium, not alloyed",17.11669921875,"#ff0000",12,2331.96606445,2457.89746094
490,3917,"Sausage casings of hardened protein, cellulose",17.81201171875,"#730049",6,2139.00708008,2442.00317383
491,2009,"Orange juice, frozen, not fermented or spirited",17.18994140625,"#bf8845",10,2422.24780273,2474.5682373
492,7010,"Ampoules of glass for conveyance or packing",16.0615234375,"#ff0000",12,2375.20336914,2421.46362305
493,3923,"Boxes, cases, crates etc. of plastic",21.2080078125,"#ff0000",12,2433.33349609,2444.61254883
494,4820,"Registers, account books, note books, diaries etc",15.553955078125,"#33cc00",4,2737.57434082,2310.79907227
495,2923,"Choline, salts",15.110595703125,"#9c219c",8,1480.70544434,2422.12695312
496,7505,"Bars, rods and profiles, nickel, not alloyed",15.258544921875,"#299fff",2,1417.13549805,2296.12402344
497,8484,"Gaskets of metal sheeting, including sandwich type",15.3798828125,"#299fff",2,1455.66333008,2571.22119141
498,7324,"Sinks and wash basins, stainless steel",15.274658203125,"#299fff",2,1543.01538086,2679.16210938
499,8422,"Dish washing machines (domestic)",18.84228515625,"#299fff",2,1540.07910156,2534.22705078
500,8311,"Electrodes, coated, of base metal, for arc welding",15.387451171875,"#299fff",2,2007.12597656,2289.64282227
501,7419,"Chain and parts thereof of copper",15.35791015625,"#299fff",2,1683.85888672,2289.20336914
502,7318,"Screws, coach, iron or steel",19.609130859375,"#299fff",2,1703.35400391,2449.29150391
503,8208,"Blades for metal working machines",15.2294921875,"#299fff",2,1614.90710449,2381.16967773
504,8514,"Industrial electric resistance heated furnaces & oven",15.6929931640625,"#299fff",2,1580.78704834,2460.77929688
505,8515,"Electric soldering irons and guns",16.4560546875,"#299fff",2,1549.99047852,2370.14746094
506,8426,"Gantry and overhead travelling cranes on fixed suppor",17.880126953125,"#299fff",2,1610.54064941,2331.25073242
507,8412,"Reaction engines other than turbo jets",17.08349609375,"#299fff",2,1619.23083496,2460.11914062
508,8512,"Lighting/signalling equipment as used on bicycles",17.218505859375,"#299fff",2,1729.05322266,2459.01586914
509,8538,"Elictrical boards, panels, etc, not equipped",19.155029296875,"#299fff",2,1773.33032227,2295.76635742
510,8704,"Dump trucks designed for off-highway use",34.072021484375,"#299fff",2,1780.9041748,2441.18359375
511,3823,"Prepared binders for foundry moulds or cores",20.84814453125,"#730049",6,2046.44506836,2544.75512695
512,4011,"Pneumatic tyres new of rubber for motor cars",24.588623046875,"#299fff",2,2150.31188965,2212.09643555
513,8504,"Ballasts for discharge lamps or tubes",26.630126953125,"#299fff",2,2022.69641113,2266.2746582
514,7226,"Flat rolled silicon-electrical steel, <600mm wide",15.5234375,"#299fff",2,1520.18725586,2412.93188477
515,7229,"Wire of high speed steel",15.17626953125,"#299fff",2,1554.3026123,2317.79541016
516,7302,"Railway/tramway rails, iron or steel",15.62109375,"#299fff",2,1667.53186035,2583.50512695
517,8407,"Aircraft engines, spark-ignition",20.77197265625,"#299fff",2,1533.70117188,2442.33129883
518,8425,"Electric hoists (except skip and vehicle hoists)",15.869140625,"#299fff",2,1831.93786621,2315.12792969
519,8603,"Self-propelled railway cars, external electric power",15.465576171875,"#299fff",2,1624.81518555,2616.58129883
520,8408,"Marine propulsion engines, diesel",22.562744140625,"#299fff",2,1648.83068848,2484.77807617
521,7608,"Tubes and pipe, aluminium, not alloyed",15.205322265625,"#299fff",2,2135.65246582,2343.08911133
522,2303,"Residues of starch manufacture and similar residues",15.352783203125,"#33cc00",4,2798.83435059,2681.73168945
523,2208,"Compound alcoholic preps for beverage manufacture",18.3419189453125,"#730049",6,1938.33966064,2560.00024414
524,2306,"Cotton seed oil-cake and other solid residues",15.52685546875,"#330000",3,2277.80883789,2056.92236328
525,8609,"Cargo containers designed for carriage",15.377197265625,"#ff0000",12,2140.32019043,2570.05053711
526,7801,"Lead refined unwrought",15.730224609375,"#330000",3,2240.35583496,2139.92004395
527,3102,"Urea, including aqueous solution in packs >10 kg",19.405029296875,"#330000",3,2302.03820801,2001.83764648
528,3915,"Polyethylene waste or scrap",15.84521484375,"#730049",6,2238.14550781,2591.58789062
529,3105,"Fertilizer mixes in tablets etc or in packs <10 kg",18.94189453125,"#730049",6,2226.5859375,2569.42138672
530,2711,"Natural gas, liquefied",54.154541015625,"#330000",3,2441.73571777,2015.83123779
531,2503,"Sulphur, crude or unrefined",16.400146484375,"#330000",3,2521.22595215,2006.02709961
532,4420,"Statuettes and other ornaments of wood",15.072265625,"#33cc00",4,2779.35375977,2339.53173828
533,4702,"Chemical wood pulp, dissolving grades",15.2366943359375,"#9c219c",8,1025.50384521,2206.78173828
534,4803,"Paper, household, sanitary, width > 36 centimetres",15.30126953125,"#ff0000",12,2345.35009766,2241.57763672
535,4806,"Paper, vegetable parchment",15.0732421875,"#9c9a87",9,1469.31896973,2387.44970703
536,4802,"Paper, hand-made, uncoated",18.991455078125,"#330000",3,1853.61230469,2163.3815918
537,4804,"Paper, Kraftliner, unbleached, uncoated",16.744873046875,"#330000",3,1860.98339844,2095.97314453
538,3703,"Unexposed photographic paper,textile roll > 610mm wid",15.114501953125,"#9c219c",8,1213.40686035,2270.96606445
539,7326,"Balls, iron/steel, forged/stamped for grinding mills",21.4970703125,"#299fff",2,2009.84240723,2357.35571289
540,7309,"Reservoirs/tanks/vats/etc, iron/steel capacity >300l",15.462158203125,"#ff0000",12,2203.0045166,2375.39941406
541,8440,"Book-binding machinery including book-sewing machines",15.148193359375,"#99ffff",7,1274.20788574,2436.72583008
542,4821,"Paper labels of all kinds, printed",15.52880859375,"#ff0000",12,2322.63916016,2498.26623535
543,2106,"Protein concentrates and textured protein substances",18.88916015625,"#730049",6,2297.53759766,2488.76660156
544,2102,"Yeasts, active",15.0908203125,"#730049",6,2239.95263672,2477.56811523
545,7616,"Aluminium nails, tacks, staples, bolts, nuts etc,",16.822021484375,"#299fff",2,2126.5333252,2376.95166016
546,7610,"Aluminium Doors, windows, frames and thresholds",16.1826171875,"#ff0000",12,2189.88525391,2465.92333984
547,4418,"Windows, French-windows, frames, of wood",16.88330078125,"#ff0000",12,2269.52099609,2322.67822266
548,4411,"Fibreboard >0.8 g/cm2 not worked or surface covered",16.318359375,"#ff0000",12,2253.5559082,2392.40380859
549,5911,"Textile fabric for card clothing, technical use",15.494384765625,"#299fff",2,1962.24829102,2288.79052734
550,8707,"Bodies for passenger carrying vehicles",16.4541015625,"#299fff",2,1672.58935547,2466.67089844
551,2403,"Cigarette or pipe tobacco and tobacco substitute mixe",15.303955078125,"#bf8845",10,2403.81262207,2651.46435547
552,402,"Milk powder < 1.5% fat",17.677490234375,"#bf8845",10,2395.73425293,2582.66394043
553,3507,"Rennet and concentrates thereof",15.41357421875,"#d1ff00",11,2158.1472168,2724.01794434
554,405,"Butter and other fats and oils derived from milk",15.7635498046875,"#d1ff00",11,2051.63800049,2685.10083008
555,904,"Pepper of the genus Piper, whole",15.177734375,"#d1ff00",11,2087.3659668,2902.01037598
556,306,"Rock lobster and other sea crawfish, frozen",17.33056640625,"#d1ff00",11,2106.99975586,2883.61889648
557,2821,"Iron oxides and hydroxides",15.051513671875,"#9c9a87",9,1640.74145508,2940.85119629
558,9504,"Video games used with a television receiver",21.87255859375,"#9c9a87",9,1627.20617676,2865.40380859
559,2905,"Methyl alcohol",19.879150390625,"#330000",3,2400.92272949,1953.59509277
560,2815,"Sodium hydroxide (caustic soda) solid",15.781982421875,"#299fff",2,1830.95617676,2190.74829102
561,2811,"Hydrogen fluoride (hydrofluoric acid)",15.4246826171875,"#9c9a87",9,1591.10162354,2756.46142578
562,4901,"Brochures, leaflets and similar, in single sheets",17.80859375,"#9c9a87",9,1576.98522949,2698.28686523
563,7901,"Zinc, not alloyed, unwrought, >99% pure",16.42578125,"#330000",3,2189.50927734,1852.36846924
564,2835,"Phosphinates and phosphonates",15.629150390625,"#6e451e",5,2157.18225098,1825.61584473
565,8112,"Beryllium, unwrought, waste or scrap/powders",15.124755859375,"#330000",3,1746.65905762,2140.25622559
566,2807,"Sulphuric acid, oleum",15.16015625,"#330000",3,2183.23413086,1898.36914062
567,7101,"Pearls natural, not permanently mounted or set",15.080810546875,"#9c9a87",9,2863.22473145,2785.24023438
568,7102,"Diamonds, unsorted",30.241943359375,"#330000",3,2928.51037598,2499.89440918
569,7018,"Ornamental glass beads, pearls, stones, worked items",15.13134765625,"#9c9a87",9,1139.44128418,2479.09912109
570,8513,"Portable battery and magneto-electric lamps",15.17822265625,"#99ffff",7,1164.64404297,2469.33032227
571,6911,"Tableware and kitchenware of porcelain or china",15.419677734375,"#299fff",2,2074.5958252,2058.10900879
572,7004,"Drawn glass sheet coloured, absorbing, reflect, opaqu",15.182861328125,"#9c219c",8,1408.30517578,2477.24023438
573,6903,"Refractory ceramic articles, >50% carbon",15.152099609375,"#299fff",2,1438.62207031,2720.85986328
574,6907,"Unglazed ceramic mosaic tiles etc, <7cm wide",15.417724609375,"#299fff",2,1548.39697266,2766.63232422
575,7112,"Waste or scrap containing gold as sole precious metal",17.669921875,"#330000",3,2287.92236328,2775.20568848
576,9023,"Instruments, apparatus and models, for demonstration",15.1905517578125,"#299fff",2,1866.26983643,2614.25341797
577,2708,"Pitch",15.025634765625,"#299fff",2,1980.87438965,2140.69628906
578,2709,"Petroleum oils, oils from bituminous minerals, crude",67.94873046875,"#330000",3,2450.61108398,1815.6940918
579,2814,"Anhydrous ammonia",16.302978515625,"#330000",3,2335.72521973,1984.42285156
580,2710,"Oils petroleum, bituminous, distillates, except crude",57.716064453125,"#330000",3,2348.25549316,1844.48388672
581,8713,"Wheelchairs not mechanically propelled",15.027099609375,"#9c219c",8,1235.23474121,1964.65441895
582,6909,"Porcelain ware for laboratory, chemical, technical us",15.31494140625,"#9c219c",8,1093.73620605,2160.11767578
583,2707,"Benzol",17.375732421875,"#299fff",2,2140.58972168,2042.96124268
584,8702,"Diesel powered buses",17.50244140625,"#299fff",2,2123.29492188,2108.54907227
585,3817,"Mixed alkylbenzenes, nes",15.2734375,"#9c219c",8,1420.27087402,2001.68811035
586,2902,"Cyclohexane",21.302734375,"#9c219c",8,1397.21606445,2086.22167969
587,2909,"Diethyl ether",16.74072265625,"#9c219c",8,1285.4041748,2046.42285156
588,2906,"Menthol",15.107666015625,"#9c219c",8,1158.41760254,2103.55505371
589,7115,"Catalysts (form of wire cloth or grill) of platinum",15.2265625,"#299fff",2,1861.65405273,2678.40527344
590,2843,"Colloidal precious metals",15.69873046875,"#299fff",2,1854.2088623,2750.57397461
591,2901,"Saturated acyclic hydrocarbons",18.6220703125,"#330000",3,2488.66357422,1911.4864502
592,2849,"Calcium carbide",15.21484375,"#299fff",2,1581.91296387,2182.5769043
593,8481,"Valves, pressure reducing",25.8779296875,"#299fff",2,1745.54492188,2311.58666992
594,9607,"Slide fasteners with chain scoops of base metal",15.164794921875,"#33cc00",4,2781.88977051,2568.14306641
595,9305,"Parts and accessories of revolvers or pistols",15.0634765625,"#299fff",2,1464.87036133,2526.63598633
596,9701,"Paintings/drawings/pastels executed by hand",16.7633056640625,"#9c9a87",9,1304.34539795,2912.75537109
597,9018,"Electro-cardiographs",27.093994140625,"#99ffff",7,1341.3815918,2517.86035156
598,9013,"Telescopes for arms/other equipment, periscopes",26.2880859375,"#99ffff",7,1164.07788086,2501.51025391
599,9613,"Pocket lighters, gas-fuelled, non-refillable",15.0830078125,"#0576a6",1,1444.62194824,2870.06787109
600,9101,"Wrist-watch, precious metal, battery, with hands",16.068359375,"#0576a6",1,1413.9317627,2757.05810547
601,5501,"Filament tow of nylon, polyamides",15.0537109375,"#33cc00",4,2579.23486328,2565.1842041
602,5408,"Woven fabric of hi-ten filament yarns of viscose rayo",15.06494140625,"#33cc00",4,2579.13500977,2515.90869141
603,9609,"Pencils/crayons, with leads in rigid sheath, nes",15.014892578125,"#9c9a87",9,2632.31262207,2675.27148438
604,5810,"Embroidery without visible ground",15.150390625,"#33cc00",4,2648.1574707,2679.03369141
605,8479,"Machines for public works, building etc, nes",29.599609375,"#299fff",2,1433.57946777,2251.26916504
606,9507,"Fishing rods",15.2158203125,"#33cc00",4,2752.40185547,2546.22485352
607,5804,"Tulles, other nets (not woven, knit or crochet)",15.0185546875,"#33cc00",4,2670.58862305,2524.47412109
608,5402,"Hi-ten yarn of nylon, polyamide, not sewing or retail",17.387451171875,"#99ffff",7,1333.55529785,2724.28271484
609,8211,"Sets of different knives, cutlery sets",15.152587890625,"#9c9a87",9,1111.7421875,2698.16992188
610,8532,"Fixed power capacitors (50/60 herz circuits)",17.76953125,"#99ffff",7,1317.4309082,2669.47875977
611,5407,"Woven hi-ten filament, nylon, polyamide or polyester",17.58642578125,"#33cc00",4,2647.83862305,2585.13085938
612,5210,"Plain weave cotton <85% +manmade fibre <200g unbleach",15.209716796875,"#33cc00",4,2574.19934082,2611.98071289
613,6217,"Clothing accessories nes, textile material, not knit",15.215087890625,"#33cc00",4,2640.44128418,2436.91967773
614,6117,"Shawls, scarves, veils etc, textile material, knit",15.169677734375,"#33cc00",4,2727.57775879,2417.49133301
615,5205,"Cotton yarn >85% single uncombed >714 dtex,not retail",16.3037109375,"#33cc00",4,2813.55786133,2551.05786133
616,5515,"Woven fabric polyester + viscose rayon, nes",15.411376953125,"#33cc00",4,2647.90637207,2496.69604492
617,5209,"Plain weave cotton, >85% >200g/m2, unbleached",16.208984375,"#33cc00",4,2715.80688477,2548.76660156
618,6805,"Abrasive powderor grain on woven textile support",15.37255859375,"#330000",3,1847.41186523,2249.74658203
619,8474,"Machines to sort, screen, wash stone, ores & minerals",18.236083984375,"#299fff",2,2088.97058105,2282.64331055
620,801,"Coconuts, fresh or dried",15.406005859375,"#d1ff00",11,2806.50500488,2276.95898438
621,1801,"Cocoa beans, whole or broken, raw or roasted",15.96435546875,"#d1ff00",11,2804.60961914,2239.58959961
622,3301,"Essential oils of bergamot",15.307861328125,"#bf8845",10,2414.50842285,2591.66650391
623,604,"Mosses and lichens for bouquets, ornamental purposes",15.041748046875,"#d1ff00",11,2070.76989746,2865.51367188
624,2301,"Flour or meal, pellet of meat or offal for animal fee",15.4892578125,"#d1ff00",11,2222.94018555,2818.11889648
625,504,"Guts, bladders and stomachs of animals except fish",15.420166015625,"#d1ff00",11,2224.98669434,2798.67724609
626,207,"Poultry, domestic, whole, fresh or chilled",17.99169921875,"#d1ff00",11,1662.44152832,2725.36791992
627,208,"Rabbit or hare meat, offal, fresh, chilled or frozen",15.00146484375,"#d1ff00",11,2131.25048828,2726.45532227
628,301,"Ornamental fish, live",15.12109375,"#d1ff00",11,2206.72509766,2893.30102539
629,210,"Hams and shoulders, swine, salted, dried or smoked",15.504150390625,"#d1ff00",11,1737.29821777,2665.17114258
630,2004,"Potatoes, prepared, frozen",15.60498046875,"#d1ff00",11,1725.36083984,2716.8984375
631,204,"Lamb carcasses and half carcasses, fresh or chilled",15.589111328125,"#d1ff00",11,2586.34313965,2908.57910156
632,2204,"Grape wines, sparkling",19.345458984375,"#d1ff00",11,2585.44494629,2857.6159668
633,2002,"Tomatoes, whole/pieces, prepared/preserved, no vinega",15.42822265625,"#d1ff00",11,2506.40600586,2799.34008789
634,3501,"Casein",15.30078125,"#d1ff00",11,2109.12329102,2707.17248535
635,101,"Horses, live pure-bred breeding",15.217041015625,"#d1ff00",11,2116.60705566,2753.17407227
636,2607,"Lead ores and concentrates",15.4306640625,"#330000",3,2519.22070312,2856.66601562
637,8542,"Monolithic integrated circuits, digital",53.359619140625,"#99ffff",7,1202.72155762,2563.58691406
638,8528,"Colour television receivers/monitors/projectors",30.1444091796875,"#99ffff",7,1367.51727295,2623.43725586
639,8518,"Microphones and stands thereof",18.448486328125,"#99ffff",7,1255.17822266,2780.12329102
640,8505,"Metal permanent magnets, articles intended as magnets",15.792724609375,"#99ffff",7,1284.56103516,2727.93115234
641,9012,"Microscopes except optical, diffraction apparatus",15.07470703125,"#9c219c",8,1229.93017578,2292.2434082
642,9029,"Revolution counters/taximeters/mileometers/pedometers",15.56689453125,"#299fff",2,1783.32543945,2253.44335938
643,9030,"Instruments to measure or detect ionising radiations",17.694091796875,"#99ffff",7,1320.57983398,2491.79418945
644,8540,"Colour cathode-ray television picture tubes, monitors",15.5224609375,"#99ffff",7,1247.08166504,2519.40893555
645,2939,"Opium alkaloids, their derivs, in bulk, salts thereof",15.519287109375,"#9c9a87",9,1603.08898926,2861.54638672
646,704,"Cauliflowers and headed broccoli, fresh or chilled",15.144775390625,"#d1ff00",11,2634.1451416,2789.60205078
647,8805,"Aircraft launching and deck-arrestor gear, parts",15.093994140625,"#9c9a87",9,1306.66345215,2046.456604
648,1901,"Infant foods of cereals, flour, starch or milk, retai",16.62841796875,"#bf8845",10,2393.58496094,2543.54394531
649,1806,"Cocoa powder, sweetened",17.730224609375,"#bf8845",10,2389.42028809,2351.95336914
650,406,"Fresh cheese, unfermented whey cheese, curd",18.88427734375,"#bf8845",10,2349.77807617,2486.7923584
651,702,"Tomatoes, fresh or chilled",15.942626953125,"#d1ff00",11,2620.28137207,2833.89135742
652,8309,"Corks, crown, of base metal",15.653564453125,"#ff0000",12,2164.7598877,2437.30615234
653,7325,"Cast articles, of non-malleable cast iron nes",16.00048828125,"#299fff",2,2144.86987305,2310.71362305
654,6810,"Building blocks, bricks of cement, or artificial ston",15.63134765625,"#ff0000",12,2373.76635742,2455.08056641
655,4415,"Wooden cases, boxes, crates, drums and containers",15.291748046875,"#ff0000",12,2236.50012207,2413.30786133
656,9404,"Mattress supports",16.517333984375,"#33cc00",4,2553.72521973,2253.69189453
657,6304,"Bedspreads, textile material, nes, knit or crochet",15.28662109375,"#33cc00",4,2582.92919922,2254.06274414
658,6307,"Floor & dish cloths, dusters, etc, textile material",16.16748046875,"#33cc00",4,2610.51123047,2193.15649414
659,8207,"Rock drilling, boring heads of sintered metal, carbid",17.7340087890625,"#299fff",2,1692.32574463,2354.49414062
660,8454,"Converters used in metallurgy or metal foundries",15.4130859375,"#299fff",2,1629.40844727,2304.2800293
661,8459,"Way-type unit head machines, metal working",15.657470703125,"#299fff",2,1680.13574219,2384.54980469
662,7007,"Safety glass (tempered) for vehicles, aircraft, etc",16.2435302734375,"#299fff",2,1831.55548096,2270.19433594
663,8433,"Mowers, powered, lawn, with horizontal cutting device",17.781494140625,"#299fff",2,1703.98632812,2498.52612305
664,8436,"Machinery for preparing animal feeding stuffs",15.6796875,"#299fff",2,1807.26037598,2513.06738281
665,6815,"Non-electrical articles of graphite or other carbon",15.49658203125,"#299fff",2,1587.85461426,2486.06958008
666,1202,"Ground-nuts in shell not roasted or cooked",15.10205078125,"#d1ff00",11,2868.71264648,2651.60107422
667,902,"Tea, green (unfermented) in packages < 3 kg",15.72119140625,"#d1ff00",11,2881.3125,2689.98925781
668,1003,"Barley",16.0528564453125,"#d1ff00",11,2014.31573486,2721.42114258
669,1001,"Durum wheat",22.7635498046875,"#d1ff00",11,2011.54815674,2762.05517578
670,1206,"Sunflower seeds",15.20361328125,"#d1ff00",11,2302.0546875,2590.78808594
671,1005,"Maize (corn) seed",19.13232421875,"#d1ff00",11,2279.3840332,2668.86743164
672,3306,"Dentifrices",15.50048828125,"#299fff",2,2071.03979492,2200.3840332
673,9306,"Cartridges for rivet etc tools, humane killers, etc",15.59375,"#299fff",2,1695.09362793,2767.96142578
674,4813,"Paper, cigarette, in the form of booklets or tubes",15.1190185546875,"#9c219c",8,1371.14080811,2070.10986328
675,7215,"Bar/rod, cold formed/finished free cutting steel",15.46826171875,"#9c9a87",9,2193.15576172,2604.2668457
676,3406,"Candles, tapers and the like",15.26806640625,"#9c9a87",9,2113.91894531,1994.46783447
677,3404,"Artificial & prepared waxes, of modified lignite",15.189697265625,"#9c219c",8,1346.11523438,2016.17706299
678,3503,"Gelatin & derivatives, isinglass, glues (animal) nes",15.0380859375,"#9c219c",8,1368.87719727,2430.83154297
679,4414,"Wooden frames for paintings, photographs, mirrors etc",15.0048828125,"#9c9a87",9,2106.0769043,2066.26635742
680,9209,"Metronomes, tuning forks and pitch pipes",15.0693359375,"#99ffff",7,1251.08459473,2823.19335938
681,3505,"Dextrins and other modified starches",15.36962890625,"#99ffff",7,1254.46118164,2857.71289062
682,3212,"Stamping foils",15.195556640625,"#730049",6,1993.78271484,2630.140625
683,3808,"Insecticides, packaged for retail sale",18.639892578125,"#9c219c",8,1372.22375488,2407.77636719
684,3504,"Peptones, proteins and derivatives, nes, hide powder",15.128173828125,"#9c219c",8,1369.12988281,2327.97021484
685,2519,"Natural magnesium carbonate (magnesite)",15.140380859375,"#0576a6",1,1377.6003418,2969.88244629
686,7227,"Bar/rod, of high speed steel, irregular coils",15.537353515625,"#0576a6",1,1363.59997559,2907.56237793
687,1504,"Fish-liver oils, fractions, not chemically modified",15.08544921875,"#d1ff00",11,2177.24829102,2943.75805664
688,1302,"Opium sap",15.535888671875,"#730049",6,2177.77160645,2595.88623047
689,4809,"Paper, carbon or similar width >36 cm",15.033203125,"#9c219c",8,1264.8963623,2007.03057861
690,1214,"Lucerne (alfalfa) meal and pellets",15.085693359375,"#d1ff00",11,1270.38037109,1951.07189941
691,1208,"Soya bean flour or meal",15.021240234375,"#d1ff00",11,2729.22351074,2815.61328125
692,1207,"Palm nuts and kernels",15.332763671875,"#d1ff00",11,2441.5682373,2161.52270508
693,2507,"Kaolin and other kaolinic clays",15.154052734375,"#9c9a87",9,1103.60754395,1991.38037109
694,2508,"Bentonite",15.115966796875,"#6e451e",5,1952.83618164,2706.48730469
695,2904,"Sulphonated hydrocarbons, salts and ethyl esters",15.03955078125,"#6e451e",5,1949.01794434,2742.78442383
696,6813,"Asbestos brake linings and pads",15.032470703125,"#6e451e",5,1947.00646973,2671.76367188
697,2510,"Natural calcium phosphates, unground",15.8623046875,"#6e451e",5,2125.89746094,1746.11425781
698,2809,"Diphosphorus pentaoxide",16.031005859375,"#6e451e",5,2137.31506348,1779.14245605
699,2516,"Granite, crude or roughly trimmed",15.1435546875,"#330000",3,2090.2331543,2201.88427734
700,2517,"Pebbles, gravel, broken & crushed stone for aggregate",15.337158203125,"#ff0000",12,2369.4498291,2595.4465332
701,2302,"Maize bran, sharps, other residues",15.053466796875,"#d1ff00",11,2461.71911621,2096.22399902
702,1006,"Rice in the husk (paddy or rough)",18.2314453125,"#d1ff00",11,2898.69604492,2655.1862793
703,6402,"Ski-boots etc, outer soles, uppers of rubber, plastic",18.06201171875,"#33cc00",4,2747.21923828,2609.04907227
704,3001,"Glands and other organs, dried, for therapeutic uses",15.174560546875,"#9c219c",8,1371.43505859,2021.8536377
705,3909,"Urea resins, thiourea resins, in primary forms",16.65869140625,"#299fff",2,1868.11315918,2388.29443359
706,2941,"Penicillins, derivatives, in bulk, salts",16.75341796875,"#9c219c",8,1190.7208252,2397.78173828
707,804,"Dates, fresh or dried",15.76513671875,"#bf8845",10,2480.26196289,2582.29052734
708,8451,"Dry-cleaning machines",15.837890625,"#299fff",2,1681.37023926,2119.94384766
709,9608,"Ball point pens",15.69482421875,"#299fff",2,1647.51379395,2746.66943359
710,5404,"Synthetic monofilament, >67 dtex, thickness < 1mm",15.03271484375,"#730049",6,2000.07434082,2660.16235352
711,3302,"Mixed odoriferous substances - food & drink industrie",17.30615234375,"#9c219c",8,1374.96826172,2111.73925781
712,6116,"Gloves impregnated or coated with plastic,rubber, kni",15.2470703125,"#99ffff",7,1350.72497559,2590.12011719
713,3005,"Medical dressings etc. having an adhesive layer",15.7119140625,"#299fff",2,1756.99023438,2159.28942871
714,3103,"Superphosphates, in packs >10 kg",15.466796875,"#9c219c",8,1087.52758789,2237.87353516
715,7508,"Articles of nickel, nes",15.01806640625,"#299fff",2,1494.03222656,2192.1105957
716,8420,"Calendering or rolling machines, not. for metals/glas",15.0400390625,"#299fff",2,1587.0958252,2829.31884766
717,9017,"Drafting tables and machines",15.146728515625,"#299fff",2,1763.76757812,2634.28930664
718,7113,"Jewellery and parts, silver, including plated silver",21.661865234375,"#330000",3,2845.0723877,2499.36193848
719,8464,"Sawing machines for stone, ceramics and glass",15.4039306640625,"#299fff",2,1576.1449585,2860.97045898
720,3303,"Perfumes and toilet waters",16.88232421875,"#6e451e",5,1711.65283203,2878.21142578
721,7311,"Containers for compressed/liquefied gas, iron or stee",15.390380859375,"#33cc00",4,2795.79724121,2409.47839355
722,8447,"Circular knitting machines, diameter < 165 mm",15.3612060546875,"#0576a6",1,1480.33685303,2841.9128418
723,8446,"Machines for weaving fabric, width < 30 cm",15.128173828125,"#299fff",2,1675.17553711,2882.08789062
724,7224,"Ingots, primary forms of alloy steel, except stainles",15.631103515625,"#299fff",2,1568.26379395,2214.25170898
725,4203,"Articles of apparel of leather or composition leather",16.16015625,"#6e451e",5,2062.93603516,1922.89245605
726,2918,"Lactic acid, its salts & esters",15.8359375,"#9c219c",8,1266.42541504,2354.59790039
727,2930,"Dithiocarbonates (xanthates)",16.27685546875,"#9c219c",8,1246.40722656,2139.20849609
728,1803,"Cocoa paste not defatted",15.12060546875,"#d1ff00",11,2799.1496582,2155.12939453
729,1805,"Cocoa powder, unsweetened",15.0205078125,"#d1ff00",11,2843.04614258,2177.83666992
730,6305,"Sacks & bags, packing, of jute or other bast fibres",15.355224609375,"#33cc00",4,2552.20715332,2403.89257812
731,7310,"Tank, cask or container, iron/steel, capacity 50-300l",15.70068359375,"#ff0000",12,2352.19824219,2410.25952148
732,3401,"Soaps, for toilet use, solid",15.76123046875,"#ff0000",12,2464.42993164,2348.85095215
733,4819,"Cartons, boxes & cases, of corrugated paper or board",17.64794921875,"#ff0000",12,2426.63891602,2408.41674805
734,1704,"Chewing gum containing sugar, except medicinal",16.088134765625,"#bf8845",10,2451.98522949,2406.33666992
735,2001,"Cucumbers,gherkins, prepared or preserved by vinegar",15.09423828125,"#bf8845",10,2442.14550781,2346.54907227
736,4818,"Toilet paper",17.970458984375,"#ff0000",12,2331.75622559,2396.92895508
737,8418,"Combined refrigerator-freezers, two door",20.997314453125,"#ff0000",12,2286.65075684,2395.37744141
738,4811,"Paper, tarred, bituminised or asphalted, nes",17.619873046875,"#299fff",2,1835.94372559,2361.20483398
739,3912,"Cellulose acetates, non-plasticised, in primary forms",15.5733642578125,"#9c219c",8,1359.18426514,2181.90869141
740,3403,"Lubricant <70% petroleum oil, textile or leather use",15.8436279296875,"#9c219c",8,1323.57757568,2243.80493164
741,2914,"Acetone",15.7808837890625,"#9c219c",8,1246.48382568,2212.06030273
742,8414,"Vacuum pumps",24.205078125,"#299fff",2,1762.55834961,2495.2956543
743,9003,"Frames & mountings for spectacles etc, of plastic",15.51806640625,"#0576a6",1,1443.5769043,2838.43383789
744,9004,"Sunglasses",15.7530517578125,"#0576a6",1,1489.6572876,2904.74194336
745,8511,"Spark plugs",17.2659912109375,"#299fff",2,1802.41339111,2482.38842773
746,8710,"Tanks and other armoured fighting vehicles",15.29052734375,"#299fff",2,1731.7376709,2786.37841797
747,8802,"Helicopters of an unladen weight < 2,000 kg",34.047119140625,"#299fff",2,1760.65869141,2880.84033203
748,8803,"Aircraft propellers, rotors and parts thereof",25.6973876953125,"#0576a6",1,1330.29730225,2937.18359375
749,8907,"Inflatable rafts",15.029296875,"#299fff",2,1694.58349609,1979.31530762
750,9114,"Clock or watch springs, including hair-springs",15.093017578125,"#0576a6",1,1368.53918457,2757.22143555
751,8602,"Rail locomotives, diesel-electric",15.236572265625,"#299fff",2,1872.01281738,2694.48339844
752,8906,"Warships, lifeboats, hospital ships, vessels nes",15.2763671875,"#299fff",2,1899.80847168,2709.69799805
753,8709,"Work trucks, electrically powered",15.0902099609375,"#299fff",2,1838.58746338,2607.14257812
754,2804,"Hydrogen",17.395263671875,"#330000",3,1740.14001465,2070.22692871
755,4902,"Newspapers, journals and periodicals, > 3 issues/week",15.955810546875,"#ff0000",12,2181.24328613,2511.59741211
756,7605,"Wire, aluminium, not alloyed, t > 7mm",15.394775390625,"#9c9a87",9,1544.10131836,2150.68847656
757,6804,"Stones for milling, grinding or pulping",15.412109375,"#299fff",2,1672.75964355,2307.12963867
758,6212,"Brassieres and parts thereof",16.15869140625,"#33cc00",4,2740.34472656,2356.38000488
759,6405,"Footwear, nes, uppers leather",15.248291015625,"#33cc00",4,2565.36853027,2336.98999023
760,6210,"Garments made up of textile felts and nonwoven fabric",15.94970703125,"#33cc00",4,2706.94580078,2356.30883789
761,6211,"Mens, boys swimwear, not knit",16.2353515625,"#33cc00",4,2649.05273438,2296.61352539
762,6206,"Womens, girls blouses & shirts, of silk, not knit",16.64208984375,"#33cc00",4,2713.65795898,2324.57531738
763,6208,"Womens, girls slips etc, of manmade fibres, not knit",15.240478515625,"#33cc00",4,2573.0357666,2386.66845703
764,6201,"Mens, boys overcoats of wool or hair, not knit",16.300048828125,"#33cc00",4,2608.59069824,2283.20043945
765,6205,"Mens, boys shirts, of wool or hair, not knit",16.882568359375,"#33cc00",4,2700.84216309,2420.22070312
766,8402,"Water tube boilers, steam production < 45T per hour",15.919189453125,"#299fff",2,1999.02966309,2205.92358398
767,9102,"Wrist-watch, base-metal case, battery, with hands",17.438720703125,"#6e451e",5,2827.28991699,2793.72900391
768,8306,"Bells, gongs and the like, of base metal",15.150390625,"#6e451e",5,2795.71118164,2777.66088867
769,9032,"Thermostats",19.140625,"#299fff",2,1634.69165039,2421.40380859
770,8439,"Machinery for pulping fibrous cellulosic material",15.80615234375,"#299fff",2,1481.42297363,2402.36572266
771,8424,"Fire extinguishers, whether or not charged",17.359130859375,"#299fff",2,1596.65466309,2418.37207031
772,6406,"Footwear uppers and parts thereof, except stiffeners",15.836669921875,"#33cc00",4,2667.59655762,2272.57617188
773,9401,"Seats, aircraft",23.50830078125,"#299fff",2,2067.59277344,2351.28295898
774,8546,"Electrical insulators of glass",15.2147216796875,"#299fff",2,2029.38140869,2339.94482422
775,8431,"Parts of hoists and winches",25.504638671875,"#299fff",2,1959.37390137,2327.40332031
776,4001,"Natural rubber latex, including prevulcanised",17.75634765625,"#d1ff00",11,2841.31298828,2238.31652832
777,1513,"Coconut (copra) oil crude",15.68798828125,"#d1ff00",11,2875.66503906,2208.30615234
778,8536,"Electrical fuses, for < 1,000 volts",26.74951171875,"#299fff",2,1971.09997559,2365.93823242
779,8468,"Torches, hand-held, for soldering/brazing/welding",15.07275390625,"#299fff",2,1704.4519043,2297.71777344
780,8302,"Hinges of base metal",18.747802734375,"#299fff",2,1936.30090332,2358.37670898
781,8301,"Padlocks of base metal",16.421630859375,"#299fff",2,1929.06445312,2295.48217773
782,4016,"Articles of cellular rubber",17.93408203125,"#299fff",2,1859.64953613,2324.97363281
783,4008,"Plate, sheet, strip of vulcanised cellular rubber",15.4229736328125,"#299fff",2,1862.38873291,2351.72558594
784,4005,"Compounded (carbon black, silica) unvulcanised rubber",15.8497314453125,"#299fff",2,1866.76483154,2448.66943359
785,9405,"Chandeliers, other electric ceiling or wall lights",19.22607421875,"#299fff",2,1892.65075684,2325.73144531
786,7307,"Pipe fittings of non-malleable cast iron",17.914306640625,"#299fff",2,1759.2253418,2338.48095703
787,7009,"Rear-view mirrors for vehicles",15.4732666015625,"#299fff",2,1722.26483154,2523.22729492
788,6111,"Babies garments, accessories of wool or hair, knit",15.755126953125,"#33cc00",4,2692.95349121,2396.05981445
789,8434,"Milking machines",15.164794921875,"#299fff",2,1941.10351562,2470.04370117
790,4810,"Paper, fine, woodfree, <150 g/m2, clay coated",20.182861328125,"#299fff",2,1472.39367676,2344.1159668
791,3821,"Prepared culture media for developing micro-organisms",15.0057373046875,"#9c219c",8,1315.80853271,2157.58239746
792,8438,"Bakery and pasta making machinery",16.612548828125,"#299fff",2,1978.58178711,2390.81738281
793,4009,"Rubber tube, pipe or hose not reinforced, no fittings",16.0736083984375,"#299fff",2,1777.59063721,2363.61206055
794,3305,"Hair shampoos",16.375244140625,"#730049",6,2083.73498535,2444.96557617
795,8903,"Inflatable pleasure craft",17.3138427734375,"#299fff",2,2033.86175537,2384.27929688
796,8701,"Pedestrian controlled tractors",23.170166015625,"#299fff",2,1822.73937988,2463.75463867
797,9406,"Prefabricated buildings",16.149169921875,"#ff0000",12,2243.27160645,2364.57006836
798,7411,"Pipes or tubes, refined copper",16.11181640625,"#299fff",2,1455.65405273,2412.1875
799,7320,"Leaf springs/leaves thereof, iron or steel",15.737548828125,"#299fff",2,1990.62072754,2312.30151367
800,4010,"Transmission belts etc, rubber, trapezoidal",15.693115234375,"#299fff",2,1804.07739258,2337.20947266
801,5703,"Carpets of wool or fine animal hair, tufted",15.84228515625,"#33cc00",4,2767.20483398,2686.64794922
802,6204,"Womens, girls suits, of wool or hair, not knit",22.95751953125,"#33cc00",4,2686.62402344,2340.7902832
803,6209,"Babies garments, accessories of wool or hair, not kni",15.253662109375,"#33cc00",4,2739.2376709,2393.78393555
804,1101,"Wheat or meslin flour",15.58935546875,"#d1ff00",11,2472.66162109,2234.08251953
805,2523,"Cement clinkers",16.82958984375,"#ff0000",12,2489.08007812,2358.26586914
806,1205,"Rape or colza seeds",16.2216796875,"#d1ff00",11,2018.63720703,2689.62646484
807,8403,"Central heating boilers nes",15.952392578125,"#299fff",2,1805.34912109,2534.47265625
808,1211,"Liquorice roots",15.14501953125,"#33cc00",4,2619.3359375,2326.36425781
809,6203,"Mens, boys suits, of wool or hair, not knit",20.844482421875,"#33cc00",4,2589.80847168,2313.7322998
810,1514,"Canola, rape, colza or mustard oil, crude",15.7783203125,"#d1ff00",11,2033.39660645,2658.56054688
811,3214,"Mastics, painters fillings",15.883544921875,"#730049",6,2005.08203125,2435.04199219
812,2834,"Nitrites of metals",15.0723876953125,"#9c9a87",9,2022.44012451,2832.60351562
813,2833,"Disodium sulphate",15.412109375,"#6e451e",5,1939.77111816,2786.98999023
814,4602,"Basketwork, wickerwork products of vegetable material",15.089111328125,"#33cc00",4,2796.84533691,2313.25305176
815,802,"Almonds in shell fresh or dried",16.146728515625,"#d1ff00",11,2370.95471191,2656.27612305
816,2520,"Gypsum, anhydride",15.029052734375,"#9c9a87",9,2388.15881348,2672.67980957
817,4102,"Sheep or lamb skins, raw, wool on, except Persian etc",15,"#d1ff00",11,2352.04052734,2621.54589844
818,901,"Coffee, not roasted, not decaffeinated",18.141357421875,"#d1ff00",11,2065.48474121,2917.87402344
819,4801,"Newsprint",16.588623046875,"#9c9a87",9,1434.46777344,2389.8269043
820,7110,"Platinum unwrought or in powder form",20.118408203125,"#330000",3,1040.30505371,2127.93005371
821,2822,"Cobalt oxides and hydroxides",15.0140991210938,"#330000",3,997.90982056,2125.12426758
822,2841,"Metallic aluminates",15.11328125,"#330000",3,1765.45422363,2096.16711426
823,2825,"Hydrazine and hydroxylamine, inorganic salts",15.597900390625,"#330000",3,1775.1072998,2043.27453613
824,5403,"Hi-ten yarn not sewing, viscose rayon, not retail",15.068603515625,"#299fff",2,1515.64099121,2695.42480469
825,2826,"Fluorides of ammonium or of sodium",15.006591796875,"#299fff",2,1504.04187012,2737.71508789
826,2836,"Ammonium carbonate (including commercial)",15.763671875,"#9c219c",8,1113.83874512,2044.60595703
827,2827,"Ammonium chloride",15.1884765625,"#9c219c",8,1144.25256348,2080.22119141
828,7305,"Pipe-line submerged arc welded steel diameter >406mm",17.199462890625,"#299fff",2,1599.65930176,2188.88769531
829,7201,"Pig iron, non-alloy, <0.5% phosphorus",16.21923828125,"#299fff",2,1595.00402832,2154.62817383
830,7209,"Cold rolled iron or non-alloy steel, coil, width >600mm, t >3mm, 355 mp",18.392333984375,"#330000",3,2196.73815918,2009.40112305
831,7202,"Ferro-manganese, >2% carbon",21.199951171875,"#330000",3,2228.26818848,1973.28704834
832,7207,"Rectangular iron or non-alloy steel bars, <.25%C, width< twice thicknes",22.220458984375,"#299fff",2,1560.39086914,2127.79321289
833,7205,"Granules of pig iron or spiegeleisen",15.1763916015625,"#299fff",2,1783.43060303,2718.27050781
834,7301,"Sheet piling of iron or steel",15.2421875,"#299fff",2,1822.14318848,2781.37158203
835,7210,"Flat rolled iron or non-alloy steel, coated with tin, w >600mm, t >0.5m",22.632568359375,"#330000",3,2249.23571777,2026.24658203
836,7214,"Bar/rod, iron or non-alloy steel, forged",19.868896484375,"#299fff",2,2206.59924316,2198.28979492
837,7213,"Hot rolled bar/rod grooved iron or non-alloy steel in irregular coils",17.4013671875,"#299fff",2,2207.19311523,2160.16577148
838,3405,"Polishes, creams etc. for footwear or leather",15.139404296875,"#730049",6,2052.83190918,2475.61694336
839,4201,"Saddlery and harness, of any material",15.0123291015625,"#6e451e",5,2016.86785889,1938.83660889
840,2803,"Carbon (carbon blacks and other forms of carbon, nes)",15.4254150390625,"#330000",3,1544.55560303,2201.77050781
841,6807,"Asphalt or similar material articles, in rolls",15.197509765625,"#299fff",2,1929.09777832,2666.99755859
842,2715,"Bituminous mix, mastic from asphalt, bitumen/tar/pitc",15.0347900390625,"#330000",3,1932.0692749,2711.39111328
843,2714,"Bituminous or oil shale and tar sands",15.0181884765625,"#330000",3,1929.05084229,2757.86035156
844,7408,"Wire of refined copper > 6mm wide",18.53857421875,"#330000",3,2193.75708008,1948.17895508
845,3901,"Polyethylene - specific gravity <0.94 in primary form",24.498779296875,"#9c9a87",9,2101.00476074,1870.97631836
846,2713,"Petroleum coke, not calcined",17.673095703125,"#330000",3,2154.29211426,1926.35449219
847,6912,"Ceramic housewares, except of porcelain or china",15.16943359375,"#299fff",2,2082.27416992,2098.98193359
848,8905,"Dredgers",18.29638671875,"#9c9a87",9,2025.08996582,2050.75665283
849,4015,"Rubber surgical gloves",15.57177734375,"#99ffff",7,1277.12121582,2805.48535156
850,4101,"Bovine skins, whole, raw",15.516845703125,"#d1ff00",11,2342.4407959,2577.6854248
851,4105,"Sheep or lamb skin leather, vegetable pre-tanned",15.079345703125,"#d1ff00",11,2344.48620605,2653.61877441
852,4104,"Bovine skin leather, whole",17.4658203125,"#d1ff00",11,2767.85546875,2241.10864258
853,4107,"Swine leather",15.021484375,"#d1ff00",11,2753.40649414,2281.59667969
854,7108,"Gold powder non-monetary",36.7177734375,"#330000",3,2316.3137207,2718.57165527
855,4705,"Semi-chemical wood pulp",15.10888671875,"#9c9a87",9,1310.89672852,1970.14428711
856,9402,"Dentists, barbers or similar chairs and parts",15.3115234375,"#299fff",2,1508.06738281,2267.46533203
857,6214,"Shawls, scarves, etc, of silk etc, not knit",15.2130126953125,"#6e451e",5,2008.98846436,1891.51245117
858,5105,"Carded wool",15.1156005859375,"#6e451e",5,2042.15533447,1838.62091064
859,4302,"Tanned or dressed mink furskins, whole, unassembled",15.071044921875,"#299fff",2,2130.70739746,2292.57568359
860,9113,"Watch straps etc & parts, of/clad with precious metal",15.02099609375,"#0576a6",1,1403.56079102,2786.24682617
861,4202,"Trunks, suit-cases/etc, outer surface leather",20.2587890625,"#0576a6",1,1416.61181641,2845.40795898
862,5510,"Yarn >85% artificial staple fibres, single, not retai",15.045166015625,"#6e451e",5,2062.95373535,1963.81732178
863,4303,"Articles of apparel & clothing accessories of furskin",15.0693359375,"#6e451e",5,2056.39941406,1873.63006592
864,4412,"Plywood 1 or 2 outer ply tropical hardwood (ply <6 mm",16.844970703125,"#330000",3,2301.65563965,2112.00366211
865,4407,"Lumber, coniferous (softwood) thickness < 6 mm",19.67626953125,"#330000",3,2268.70385742,2155.08666992
